number,points,first_benef,P1_initial,P2_initial,P3_initial,P4_initial,first_income,colour,position,id_group,P1_1,P2_1,P3_1,P4_1,benef_2,P1_2,P2_2,P3_2,P4_2,benef_3,P1_3,P2_3,P3_3,P4_3,benef_4,P1_4,P2_4,P3_4,P4_4,benef_5,P1_5,P2_5,P3_5,P4_5,benef_6,P1_6,P2_6,P3_6,P4_6,benef_7,P1_7,P2_7,P3_7,P4_7,benef_8,P1_8,P2_8,P3_8,P4_8,benef_9,P1_9,P2_9,P3_9,P4_9,benef_10,P1_10,P2_10,P3_10,P4_10,benef_11,P1_11,P2_11,P3_11,P4_11,benef_12,P1_12,P2_12,P3_12,P4_12,benef_13,P1_13,P2_13,P3_13,P4_13,benef_14,P1_14,P2_14,P3_14,P4_14,benef_15,P1_15,P2_15,P3_15,P4_15,benef_16,P1_16,P2_16,P3_16,P4_16,benef_17,P1_17,P2_17,P3_17,P4_17,benef_18,P1_18,P2_18,P3_18,P4_18,benef_19,P1_19,P2_19,P3_19,P4_19,benef_20
1,10,3,0,0,2,0,0,Green,Non-beneficiary,2,1,0,0,0,1,0,1,0,0,2,1,0,0,0,1,0,0,0,1,4,0,0,1,0,3,0,0,0,1,4,0,1,0,0,2,0,0,0,1,4,0,1,0,0,2,1,0,0,0,1,0,0,1,0,3,0,1,0,0,2,0,0,0,1,4,0,0,1,0,3,1,0,0,0,1,0,1,0,0,2,0,0,1,0,3,0,0,0,1,4,1,0,0,0,1
1,14,3,0,0,2,0,0,Green,Non-beneficiary,3,0,1,0,0,2,0,0,1,0,3,0,0,0,1,4,1,0,0,0,1,0,1,0,0,2,0,0,0,1,4,1,0,0,0,1,0,0,0,1,4,1,0,0,0,1,0,0,0,1,4,1,0,0,0,1,0,0,0,1,4,1,0,0,0,1,0,0,0,1,4,1,0,0,0,1,0,1,0,0,2,0,0,1,0,3,1,0,0,0,1,0,0,0,1,4
2,10,3,0,0,2,0,0,Purple,Non-beneficiary,2,1,0,0,0,1,0,1,0,0,2,1,0,0,0,1,0,0,0,1,4,0,0,1,0,3,0,0,0,1,4,0,1,0,0,2,0,0,0,1,4,0,1,0,0,2,1,0,0,0,1,0,0,1,0,3,0,1,0,0,2,0,0,0,1,4,0,0,1,0,3,1,0,0,0,1,0,1,0,0,2,0,0,1,0,3,0,0,0,1,4,1,0,0,0,1
3,8,3,0,0,2,0,2,Green,Beneficiary,2,1,0,0,0,1,0,1,0,0,2,1,0,0,0,1,0,0,0,1,4,0,0,1,0,3,0,0,0,1,4,0,1,0,0,2,0,0,0,1,4,0,1,0,0,2,1,0,0,0,1,0,0,1,0,3,0,1,0,0,2,0,0,0,1,4,0,0,1,0,3,1,0,0,0,1,0,1,0,0,2,0,0,1,0,3,0,0,0,1,4,1,0,0,0,1
4,10,3,0,0,2,0,0,Purple,Non-beneficiary,2,1,0,0,0,1,0,1,0,0,2,1,0,0,0,1,0,0,0,1,4,0,0,1,0,3,0,0,0,1,4,0,1,0,0,2,0,0,0,1,4,0,1,0,0,2,1,0,0,0,1,0,0,1,0,3,0,1,0,0,2,0,0,0,1,4,0,0,1,0,3,1,0,0,0,1,0,1,0,0,2,0,0,1,0,3,0,0,0,1,4,1,0,0,0,1
2,6,3,0,0,2,0,0,Purple,Non-beneficiary,3,0,1,0,0,2,0,0,1,0,3,0,0,0,1,4,1,0,0,0,1,0,1,0,0,2,0,0,0,1,4,1,0,0,0,1,0,0,0,1,4,1,0,0,0,1,0,0,0,1,4,1,0,0,0,1,0,0,0,1,4,1,0,0,0,1,0,0,0,1,4,1,0,0,0,1,0,1,0,0,2,0,0,1,0,3,1,0,0,0,1,0,0,0,1,4
3,4,3,0,0,2,0,2,Green,Beneficiary,3,0,1,0,0,2,0,0,1,0,3,0,0,0,1,4,1,0,0,0,1,0,1,0,0,2,0,0,0,1,4,1,0,0,0,1,0,0,0,1,4,1,0,0,0,1,0,0,0,1,4,1,0,0,0,1,0,0,0,1,4,1,0,0,0,1,0,0,0,1,4,1,0,0,0,1,0,1,0,0,2,0,0,1,0,3,1,0,0,0,1,0,0,0,1,4
1,8,1,2,0,0,0,2,Green,Beneficiary,4,0,1,0,0,2,0,0,1,0,3,0,0,0,1,4,1,0,0,0,1,0,1,0,0,2,0,0,1,0,3,0,0,0,1,4,1,0,0,0,1,0,1,0,0,2,0,0,1,0,3,0,0,0,1,4,1,0,0,0,1,0,1,0,0,2,0,0,1,0,3,0,0,0,1,4,1,0,0,0,1,0,1,0,0,2,0,0,1,0,3,0,0,0,1,4
2,10,1,2,0,0,0,0,Purple,Non-beneficiary,4,0,1,0,0,2,0,0,1,0,3,0,0,0,1,4,1,0,0,0,1,0,1,0,0,2,0,0,1,0,3,0,0,0,1,4,1,0,0,0,1,0,1,0,0,2,0,0,1,0,3,0,0,0,1,4,1,0,0,0,1,0,1,0,0,2,0,0,1,0,3,0,0,0,1,4,1,0,0,0,1,0,1,0,0,2,0,0,1,0,3,0,0,0,1,4
2,10,1,2,0,0,0,0,Purple,Non-beneficiary,5,0,1,0,0,2,0,0,1,0,3,0,0,0,1,4,1,0,0,0,1,0,1,0,0,2,0,0,1,0,3,0,0,0,1,4,1,0,0,0,1,0,1,0,0,2,0,0,0,1,4,1,0,0,0,1,0,0,1,0,3,0,1,0,0,2,0,0,1,0,3,0,0,0,1,4,0,1,0,0,2,0,0,1,0,3,0,0,0,1,4,1,0,0,0,1
3,10,1,2,0,0,0,0,Green,Non-beneficiary,5,0,1,0,0,2,0,0,1,0,3,0,0,0,1,4,1,0,0,0,1,0,1,0,0,2,0,0,1,0,3,0,0,0,1,4,1,0,0,0,1,0,1,0,0,2,0,0,0,1,4,1,0,0,0,1,0,0,1,0,3,0,1,0,0,2,0,0,1,0,3,0,0,0,1,4,0,1,0,0,2,0,0,1,0,3,0,0,0,1,4,1,0,0,0,1
4,14,3,0,0,2,0,0,Purple,Non-beneficiary,3,0,1,0,0,2,0,0,1,0,3,0,0,0,1,4,1,0,0,0,1,0,1,0,0,2,0,0,0,1,4,1,0,0,0,1,0,0,0,1,4,1,0,0,0,1,0,0,0,1,4,1,0,0,0,1,0,0,0,1,4,1,0,0,0,1,0,0,0,1,4,1,0,0,0,1,0,1,0,0,2,0,0,1,0,3,1,0,0,0,1,0,0,0,1,4
3,10,1,2,0,0,0,0,Green,Non-beneficiary,4,0,1,0,0,2,0,0,1,0,3,0,0,0,1,4,1,0,0,0,1,0,1,0,0,2,0,0,1,0,3,0,0,0,1,4,1,0,0,0,1,0,1,0,0,2,0,0,1,0,3,0,0,0,1,4,1,0,0,0,1,0,1,0,0,2,0,0,1,0,3,0,0,0,1,4,1,0,0,0,1,0,1,0,0,2,0,0,1,0,3,0,0,0,1,4
4,10,1,2,0,0,0,0,Purple,Non-beneficiary,4,0,1,0,0,2,0,0,1,0,3,0,0,0,1,4,1,0,0,0,1,0,1,0,0,2,0,0,1,0,3,0,0,0,1,4,1,0,0,0,1,0,1,0,0,2,0,0,1,0,3,0,0,0,1,4,1,0,0,0,1,0,1,0,0,2,0,0,1,0,3,0,0,0,1,4,1,0,0,0,1,0,1,0,0,2,0,0,1,0,3,0,0,0,1,4
4,10,1,2,0,0,0,0,Purple,Non-beneficiary,5,0,1,0,0,2,0,0,1,0,3,0,0,0,1,4,1,0,0,0,1,0,1,0,0,2,0,0,1,0,3,0,0,0,1,4,1,0,0,0,1,0,1,0,0,2,0,0,0,1,4,1,0,0,0,1,0,0,1,0,3,0,1,0,0,2,0,0,1,0,3,0,0,0,1,4,0,1,0,0,2,0,0,1,0,3,0,0,0,1,4,1,0,0,0,1
1,12,3,0,0,2,0,0,Green,Non-beneficiary,6,1,0,0,0,1,0,0,0,1,4,0,1,0,0,2,1,0,0,0,1,0,1,0,0,2,1,0,0,0,1,0,0,1,0,3,0,0,0,1,4,0,1,0,0,2,1,0,0,0,1,0,0,0,1,4,0,1,0,0,2,1,0,0,0,1,0,1,0,0,2,1,0,0,0,1,0,0,1,0,3,0,0,0,1,4,0,0,1,0,3,0,0,0,1,4
3,6,3,0,0,2,0,2,Green,Beneficiary,6,1,0,0,0,1,0,0,0,1,4,0,1,0,0,2,1,0,0,0,1,0,1,0,0,2,1,0,0,0,1,0,0,1,0,3,0,0,0,1,4,0,1,0,0,2,1,0,0,0,1,0,0,0,1,4,0,1,0,0,2,1,0,0,0,1,0,1,0,0,2,1,0,0,0,1,0,0,1,0,3,0,0,0,1,4,0,0,1,0,3,0,0,0,1,4
4,10,3,0,0,2,0,0,Purple,Non-beneficiary,6,1,0,0,0,1,0,0,0,1,4,0,1,0,0,2,1,0,0,0,1,0,1,0,0,2,1,0,0,0,1,0,0,1,0,3,0,0,0,1,4,0,1,0,0,2,1,0,0,0,1,0,0,0,1,4,0,1,0,0,2,1,0,0,0,1,0,1,0,0,2,1,0,0,0,1,0,0,1,0,3,0,0,0,1,4,0,0,1,0,3,0,0,0,1,4
2,8,2,0,2,0,0,2,Purple,Beneficiary,7,0,0,0,1,4,1,0,0,0,1,0,0,1,0,3,0,1,0,0,2,0,0,0,1,4,0,0,1,0,3,1,0,0,0,1,0,0,1,0,3,1,0,0,0,1,0,0,1,0,3,1,0,0,0,1,0,0,1,0,3,1,0,0,0,1,0,0,1,0,3,0,1,0,0,2,0,0,0,1,4,0,1,0,0,2,0,0,0,1,4,0,1,0,0,2
1,8,1,2,0,0,0,2,Green,Beneficiary,8,0,0,0,1,4,0,1,0,0,2,0,0,0,1,4,0,0,1,0,3,1,0,0,0,1,0,1,0,0,2,1,0,0,0,1,0,1,0,0,2,0,0,0,1,4,0,0,1,0,3,0,0,0,1,4,0,1,0,0,2,0,0,0,1,4,1,0,0,0,1,0,0,1,0,3,1,0,0,0,1,0,0,1,0,3,0,1,0,0,2,0,0,1,0,3
3,12,2,0,2,0,0,0,Green,Non-beneficiary,7,0,0,0,1,4,1,0,0,0,1,0,0,1,0,3,0,1,0,0,2,0,0,0,1,4,0,0,1,0,3,1,0,0,0,1,0,0,1,0,3,1,0,0,0,1,0,0,1,0,3,1,0,0,0,1,0,0,1,0,3,1,0,0,0,1,0,0,1,0,3,0,1,0,0,2,0,0,0,1,4,0,1,0,0,2,0,0,0,1,4,0,1,0,0,2
2,10,1,2,0,0,0,0,Purple,Non-beneficiary,8,0,0,0,1,4,0,1,0,0,2,0,0,0,1,4,0,0,1,0,3,1,0,0,0,1,0,1,0,0,2,1,0,0,0,1,0,1,0,0,2,0,0,0,1,4,0,0,1,0,3,0,0,0,1,4,0,1,0,0,2,0,0,0,1,4,1,0,0,0,1,0,0,1,0,3,1,0,0,0,1,0,0,1,0,3,0,1,0,0,2,0,0,1,0,3
1,6,2,0,2,0,0,0,Green,Non-beneficiary,9,0,0,0,1,4,0,0,1,0,3,1,0,0,0,1,0,0,1,0,3,1,0,0,0,1,0,0,1,0,3,0,1,0,0,2,0,0,0,1,4,0,1,0,0,2,0,0,0,1,4,0,1,0,0,2,0,0,0,1,4,1,0,0,0,1,0,0,0,1,4,0,1,0,0,2,0,0,0,1,4,0,1,0,0,2,0,0,0,1,4,0,1,0,0,2
4,8,2,0,2,0,0,0,Purple,Non-beneficiary,7,0,0,0,1,4,1,0,0,0,1,0,0,1,0,3,0,1,0,0,2,0,0,0,1,4,0,0,1,0,3,1,0,0,0,1,0,0,1,0,3,1,0,0,0,1,0,0,1,0,3,1,0,0,0,1,0,0,1,0,3,1,0,0,0,1,0,0,1,0,3,0,1,0,0,2,0,0,0,1,4,0,1,0,0,2,0,0,0,1,4,0,1,0,0,2
3,10,1,2,0,0,0,0,Green,Non-beneficiary,8,0,0,0,1,4,0,1,0,0,2,0,0,0,1,4,0,0,1,0,3,1,0,0,0,1,0,1,0,0,2,1,0,0,0,1,0,1,0,0,2,0,0,0,1,4,0,0,1,0,3,0,0,0,1,4,0,1,0,0,2,0,0,0,1,4,1,0,0,0,1,0,0,1,0,3,1,0,0,0,1,0,0,1,0,3,0,1,0,0,2,0,0,1,0,3
2,12,2,0,2,0,0,2,Purple,Beneficiary,9,0,0,0,1,4,0,0,1,0,3,1,0,0,0,1,0,0,1,0,3,1,0,0,0,1,0,0,1,0,3,0,1,0,0,2,0,0,0,1,4,0,1,0,0,2,0,0,0,1,4,0,1,0,0,2,0,0,0,1,4,1,0,0,0,1,0,0,0,1,4,0,1,0,0,2,0,0,0,1,4,0,1,0,0,2,0,0,0,1,4,0,1,0,0,2
3,6,2,0,2,0,0,0,Green,Non-beneficiary,9,0,0,0,1,4,0,0,1,0,3,1,0,0,0,1,0,0,1,0,3,1,0,0,0,1,0,0,1,0,3,0,1,0,0,2,0,0,0,1,4,0,1,0,0,2,0,0,0,1,4,0,1,0,0,2,0,0,0,1,4,1,0,0,0,1,0,0,0,1,4,0,1,0,0,2,0,0,0,1,4,0,1,0,0,2,0,0,0,1,4,0,1,0,0,2
4,10,1,2,0,0,0,0,Purple,Non-beneficiary,8,0,0,0,1,4,0,1,0,0,2,0,0,0,1,4,0,0,1,0,3,1,0,0,0,1,0,1,0,0,2,1,0,0,0,1,0,1,0,0,2,0,0,0,1,4,0,0,1,0,3,0,0,0,1,4,0,1,0,0,2,0,0,0,1,4,1,0,0,0,1,0,0,1,0,3,1,0,0,0,1,0,0,1,0,3,0,1,0,0,2,0,0,1,0,3
1,10,4,0,0,0,2,0,Green,Non-beneficiary,10,1,0,0,0,1,0,1,0,0,2,0,0,0,1,4,0,0,1,0,3,0,0,0,1,4,1,0,0,0,1,0,0,1,0,3,1,0,0,0,1,0,0,1,0,3,0,1,0,0,2,0,0,0,1,4,0,1,0,0,2,0,0,1,0,3,1,0,0,0,1,0,1,0,0,2,0,0,1,0,3,1,0,0,0,1,0,0,0,1,4,0,1,0,0,2
2,10,4,0,0,0,2,0,Purple,Non-beneficiary,10,1,0,0,0,1,0,1,0,0,2,0,0,0,1,4,0,0,1,0,3,0,0,0,1,4,1,0,0,0,1,0,0,1,0,3,1,0,0,0,1,0,0,1,0,3,0,1,0,0,2,0,0,0,1,4,0,1,0,0,2,0,0,1,0,3,1,0,0,0,1,0,1,0,0,2,0,0,1,0,3,1,0,0,0,1,0,0,0,1,4,0,1,0,0,2
3,10,4,0,0,0,2,0,Green,Non-beneficiary,10,1,0,0,0,1,0,1,0,0,2,0,0,0,1,4,0,0,1,0,3,0,0,0,1,4,1,0,0,0,1,0,0,1,0,3,1,0,0,0,1,0,0,1,0,3,0,1,0,0,2,0,0,0,1,4,0,1,0,0,2,0,0,1,0,3,1,0,0,0,1,0,1,0,0,2,0,0,1,0,3,1,0,0,0,1,0,0,0,1,4,0,1,0,0,2
4,14,2,0,2,0,0,0,Purple,Non-beneficiary,9,0,0,0,1,4,0,0,1,0,3,1,0,0,0,1,0,0,1,0,3,1,0,0,0,1,0,0,1,0,3,0,1,0,0,2,0,0,0,1,4,0,1,0,0,2,0,0,0,1,4,0,1,0,0,2,0,0,0,1,4,1,0,0,0,1,0,0,0,1,4,0,1,0,0,2,0,0,0,1,4,0,1,0,0,2,0,0,0,1,4,0,1,0,0,2
1,8,4,0,0,0,2,0,Green,Non-beneficiary,11,1,0,0,0,1,0,0,1,0,3,1,0,0,0,1,0,0,0,1,4,0,0,1,0,3,0,1,0,0,2,0,0,1,0,3,0,1,0,0,2,0,0,0,1,4,0,1,0,0,2,0,0,0,1,4,0,1,0,0,2,0,0,0,1,4,0,1,0,0,2,0,0,0,1,4,0,1,0,0,2,1,0,0,0,1,0,0,1,0,3,1,0,0,0,1
1,10,4,0,0,0,2,0,Green,Non-beneficiary,12,0,1,0,0,2,1,0,0,0,1,0,0,1,0,3,1,0,0,0,1,0,0,1,0,3,0,1,0,0,2,0,0,0,1,4,0,1,0,0,2,1,0,0,0,1,0,0,0,1,4,0,0,1,0,3,1,0,0,0,1,0,0,1,0,3,0,1,0,0,2,0,0,0,1,4,0,1,0,0,2,1,0,0,0,1,0,0,1,0,3,0,0,0,1,4
4,8,4,0,0,0,2,2,Purple,Beneficiary,10,1,0,0,0,1,0,1,0,0,2,0,0,0,1,4,0,0,1,0,3,0,0,0,1,4,1,0,0,0,1,0,0,1,0,3,1,0,0,0,1,0,0,1,0,3,0,1,0,0,2,0,0,0,1,4,0,1,0,0,2,0,0,1,0,3,1,0,0,0,1,0,1,0,0,2,0,0,1,0,3,1,0,0,0,1,0,0,0,1,4,0,1,0,0,2
2,10,4,0,0,0,2,0,Purple,Non-beneficiary,12,0,1,0,0,2,1,0,0,0,1,0,0,1,0,3,1,0,0,0,1,0,0,1,0,3,0,1,0,0,2,0,0,0,1,4,0,1,0,0,2,1,0,0,0,1,0,0,0,1,4,0,0,1,0,3,1,0,0,0,1,0,0,1,0,3,0,1,0,0,2,0,0,0,1,4,0,1,0,0,2,1,0,0,0,1,0,0,1,0,3,0,0,0,1,4
2,12,4,0,0,0,2,0,Purple,Non-beneficiary,11,1,0,0,0,1,0,0,1,0,3,1,0,0,0,1,0,0,0,1,4,0,0,1,0,3,0,1,0,0,2,0,0,1,0,3,0,1,0,0,2,0,0,0,1,4,0,1,0,0,2,0,0,0,1,4,0,1,0,0,2,0,0,0,1,4,0,1,0,0,2,0,0,0,1,4,0,1,0,0,2,1,0,0,0,1,0,0,1,0,3,1,0,0,0,1
3,10,4,0,0,0,2,0,Green,Non-beneficiary,12,0,1,0,0,2,1,0,0,0,1,0,0,1,0,3,1,0,0,0,1,0,0,1,0,3,0,1,0,0,2,0,0,0,1,4,0,1,0,0,2,1,0,0,0,1,0,0,0,1,4,0,0,1,0,3,1,0,0,0,1,0,0,1,0,3,0,1,0,0,2,0,0,0,1,4,0,1,0,0,2,1,0,0,0,1,0,0,1,0,3,0,0,0,1,4
3,8,4,0,0,0,2,0,Green,Non-beneficiary,11,1,0,0,0,1,0,0,1,0,3,1,0,0,0,1,0,0,0,1,4,0,0,1,0,3,0,1,0,0,2,0,0,1,0,3,0,1,0,0,2,0,0,0,1,4,0,1,0,0,2,0,0,0,1,4,0,1,0,0,2,0,0,0,1,4,0,1,0,0,2,0,0,0,1,4,0,1,0,0,2,1,0,0,0,1,0,0,1,0,3,1,0,0,0,1
4,10,4,0,0,0,2,2,Purple,Beneficiary,11,1,0,0,0,1,0,0,1,0,3,1,0,0,0,1,0,0,0,1,4,0,0,1,0,3,0,1,0,0,2,0,0,1,0,3,0,1,0,0,2,0,0,0,1,4,0,1,0,0,2,0,0,0,1,4,0,1,0,0,2,0,0,0,1,4,0,1,0,0,2,0,0,0,1,4,0,1,0,0,2,1,0,0,0,1,0,0,1,0,3,1,0,0,0,1
1,10,3,0,0,2,0,0,Green,Non-beneficiary,13,1,0,0,0,1,0,0,1,0,3,0,1,0,0,2,0,0,0,1,4,0,1,0,0,2,1,0,0,0,1,0,0,0,1,4,1,0,0,0,1,0,0,1,0,3,0,0,0,1,4,0,1,0,0,2,0,0,0,1,4,0,0,1,0,3,1,0,0,0,1,0,1,0,0,2,1,0,0,0,1,0,0,1,0,3,0,1,0,0,2,0,0,0,1,4
1,8,2,0,2,0,0,0,Green,Non-beneficiary,14,1,0,0,0,1,0,0,1,0,3,0,0,0,1,4,0,1,0,0,2,0,0,0,1,4,0,0,1,0,3,1,0,0,0,1,0,0,0,1,4,0,0,1,0,3,0,1,0,0,2,1,0,0,0,1,0,0,1,0,3,0,1,0,0,2,0,0,0,1,4,0,0,1,0,3,1,0,0,0,1,0,1,0,0,2,0,0,0,1,4,0,0,1,0,3
2,10,3,0,0,2,0,0,Purple,Non-beneficiary,13,1,0,0,0,1,0,0,1,0,3,0,1,0,0,2,0,0,0,1,4,0,1,0,0,2,1,0,0,0,1,0,0,0,1,4,1,0,0,0,1,0,0,1,0,3,0,0,0,1,4,0,1,0,0,2,0,0,0,1,4,0,0,1,0,3,1,0,0,0,1,0,1,0,0,2,1,0,0,0,1,0,0,1,0,3,0,1,0,0,2,0,0,0,1,4
3,8,3,0,0,2,0,2,Green,Beneficiary,13,1,0,0,0,1,0,0,1,0,3,0,1,0,0,2,0,0,0,1,4,0,1,0,0,2,1,0,0,0,1,0,0,0,1,4,1,0,0,0,1,0,0,1,0,3,0,0,0,1,4,0,1,0,0,2,0,0,0,1,4,0,0,1,0,3,1,0,0,0,1,0,1,0,0,2,1,0,0,0,1,0,0,1,0,3,0,1,0,0,2,0,0,0,1,4
4,10,3,0,0,2,0,0,Purple,Non-beneficiary,13,1,0,0,0,1,0,0,1,0,3,0,1,0,0,2,0,0,0,1,4,0,1,0,0,2,1,0,0,0,1,0,0,0,1,4,1,0,0,0,1,0,0,1,0,3,0,0,0,1,4,0,1,0,0,2,0,0,0,1,4,0,0,1,0,3,1,0,0,0,1,0,1,0,0,2,1,0,0,0,1,0,0,1,0,3,0,1,0,0,2,0,0,0,1,4
1,0,1,2,0,0,0,2,Green,Beneficiary,15,0,0,1,0,3,0,1,0,0,2,0,0,0,1,4,0,1,0,0,2,0,0,0,1,4,0,1,0,0,2,0,0,0,1,4,0,1,0,0,2,0,0,0,1,4,0,1,0,0,2,0,0,0,1,4,0,1,0,0,2,0,0,0,1,4,0,1,0,0,2,0,0,0,1,4,0,1,0,0,2,0,0,0,1,4,0,1,0,0,2,0,0,0,1,4
2,8,2,0,2,0,0,2,Purple,Beneficiary,14,1,0,0,0,1,0,0,1,0,3,0,0,0,1,4,0,1,0,0,2,0,0,0,1,4,0,0,1,0,3,1,0,0,0,1,0,0,0,1,4,0,0,1,0,3,0,1,0,0,2,1,0,0,0,1,0,0,1,0,3,0,1,0,0,2,0,0,0,1,4,0,0,1,0,3,1,0,0,0,1,0,1,0,0,2,0,0,0,1,4,0,0,1,0,3
2,18,1,2,0,0,0,0,Purple,Non-beneficiary,15,0,0,1,0,3,0,1,0,0,2,0,0,0,1,4,0,1,0,0,2,0,0,0,1,4,0,1,0,0,2,0,0,0,1,4,0,1,0,0,2,0,0,0,1,4,0,1,0,0,2,0,0,0,1,4,0,1,0,0,2,0,0,0,1,4,0,1,0,0,2,0,0,0,1,4,0,1,0,0,2,0,0,0,1,4,0,1,0,0,2,0,0,0,1,4
3,12,2,0,2,0,0,0,Green,Non-beneficiary,14,1,0,0,0,1,0,0,1,0,3,0,0,0,1,4,0,1,0,0,2,0,0,0,1,4,0,0,1,0,3,1,0,0,0,1,0,0,0,1,4,0,0,1,0,3,0,1,0,0,2,1,0,0,0,1,0,0,1,0,3,0,1,0,0,2,0,0,0,1,4,0,0,1,0,3,1,0,0,0,1,0,1,0,0,2,0,0,0,1,4,0,0,1,0,3
4,10,2,0,2,0,0,0,Purple,Non-beneficiary,14,1,0,0,0,1,0,0,1,0,3,0,0,0,1,4,0,1,0,0,2,0,0,0,1,4,0,0,1,0,3,1,0,0,0,1,0,0,0,1,4,0,0,1,0,3,0,1,0,0,2,1,0,0,0,1,0,0,1,0,3,0,1,0,0,2,0,0,0,1,4,0,0,1,0,3,1,0,0,0,1,0,1,0,0,2,0,0,0,1,4,0,0,1,0,3
3,2,1,2,0,0,0,0,Green,Non-beneficiary,15,0,0,1,0,3,0,1,0,0,2,0,0,0,1,4,0,1,0,0,2,0,0,0,1,4,0,1,0,0,2,0,0,0,1,4,0,1,0,0,2,0,0,0,1,4,0,1,0,0,2,0,0,0,1,4,0,1,0,0,2,0,0,0,1,4,0,1,0,0,2,0,0,0,1,4,0,1,0,0,2,0,0,0,1,4,0,1,0,0,2,0,0,0,1,4
1,18,1,2,0,0,0,2,Green,Beneficiary,16,0,0,1,0,3,1,0,0,0,1,0,0,1,0,3,1,0,0,0,1,0,0,1,0,3,1,0,0,0,1,0,0,1,0,3,1,0,0,0,1,0,0,1,0,3,1,0,0,0,1,0,0,1,0,3,1,0,0,0,1,0,0,1,0,3,1,0,0,0,1,0,0,1,0,3,1,0,0,0,1,0,0,1,0,3,1,0,0,0,1,0,0,1,0,3
4,18,1,2,0,0,0,0,Purple,Non-beneficiary,15,0,0,1,0,3,0,1,0,0,2,0,0,0,1,4,0,1,0,0,2,0,0,0,1,4,0,1,0,0,2,0,0,0,1,4,0,1,0,0,2,0,0,0,1,4,0,1,0,0,2,0,0,0,1,4,0,1,0,0,2,0,0,0,1,4,0,1,0,0,2,0,0,0,1,4,0,1,0,0,2,0,0,0,1,4,0,1,0,0,2,0,0,0,1,4
2,0,1,2,0,0,0,0,Purple,Non-beneficiary,16,0,0,1,0,3,1,0,0,0,1,0,0,1,0,3,1,0,0,0,1,0,0,1,0,3,1,0,0,0,1,0,0,1,0,3,1,0,0,0,1,0,0,1,0,3,1,0,0,0,1,0,0,1,0,3,1,0,0,0,1,0,0,1,0,3,1,0,0,0,1,0,0,1,0,3,1,0,0,0,1,0,0,1,0,3,1,0,0,0,1,0,0,1,0,3
3,20,1,2,0,0,0,0,Green,Non-beneficiary,16,0,0,1,0,3,1,0,0,0,1,0,0,1,0,3,1,0,0,0,1,0,0,1,0,3,1,0,0,0,1,0,0,1,0,3,1,0,0,0,1,0,0,1,0,3,1,0,0,0,1,0,0,1,0,3,1,0,0,0,1,0,0,1,0,3,1,0,0,0,1,0,0,1,0,3,1,0,0,0,1,0,0,1,0,3,1,0,0,0,1,0,0,1,0,3
1,10,1,2,0,0,0,2,Green,Beneficiary,18,0,0,1,0,3,1,0,0,0,1,0,0,1,0,3,1,0,0,0,1,0,1,0,0,2,0,0,0,1,4,0,1,0,0,2,0,0,0,1,4,0,1,0,0,2,0,0,0,1,4,0,1,0,0,2,0,0,0,1,4,0,1,0,0,2,0,0,1,0,3,1,0,0,0,1,0,0,1,0,3,1,0,0,0,1,0,0,1,0,3,1,0,0,0,1
1,10,2,0,2,0,0,0,Green,Non-beneficiary,19,0,0,0,1,4,0,0,1,0,3,1,0,0,0,1,0,0,1,0,3,0,1,0,0,2,0,0,0,1,4,1,0,0,0,1,0,0,0,1,4,0,1,0,0,2,0,0,0,1,4,0,0,1,0,3,1,0,0,0,1,0,1,0,0,2,1,0,0,0,1,0,0,1,0,3,1,0,0,0,1,0,0,0,1,4,0,1,0,0,2,0,0,0,1,4
2,10,1,2,0,0,0,0,Purple,Non-beneficiary,18,0,0,1,0,3,1,0,0,0,1,0,0,1,0,3,1,0,0,0,1,0,1,0,0,2,0,0,0,1,4,0,1,0,0,2,0,0,0,1,4,0,1,0,0,2,0,0,0,1,4,0,1,0,0,2,0,0,0,1,4,0,1,0,0,2,0,0,1,0,3,1,0,0,0,1,0,0,1,0,3,1,0,0,0,1,0,0,1,0,3,1,0,0,0,1
4,0,1,2,0,0,0,0,Purple,Non-beneficiary,16,0,0,1,0,3,1,0,0,0,1,0,0,1,0,3,1,0,0,0,1,0,0,1,0,3,1,0,0,0,1,0,0,1,0,3,1,0,0,0,1,0,0,1,0,3,1,0,0,0,1,0,0,1,0,3,1,0,0,0,1,0,0,1,0,3,1,0,0,0,1,0,0,1,0,3,1,0,0,0,1,0,0,1,0,3,1,0,0,0,1,0,0,1,0,3
1,10,3,0,0,2,0,0,Green,Non-beneficiary,17,0,0,0,1,4,0,1,0,0,2,1,0,0,0,1,0,0,0,1,4,0,0,1,0,3,1,0,0,0,1,0,1,0,0,2,1,0,0,0,1,0,0,0,1,4,0,0,1,0,3,0,1,0,0,2,1,0,0,0,1,0,0,0,1,4,0,0,1,0,3,0,1,0,0,2,1,0,0,0,1,0,0,0,1,4,0,0,1,0,3,0,1,0,0,2
2,10,3,0,0,2,0,0,Purple,Non-beneficiary,17,0,0,0,1,4,0,1,0,0,2,1,0,0,0,1,0,0,0,1,4,0,0,1,0,3,1,0,0,0,1,0,1,0,0,2,1,0,0,0,1,0,0,0,1,4,0,0,1,0,3,0,1,0,0,2,1,0,0,0,1,0,0,0,1,4,0,0,1,0,3,0,1,0,0,2,1,0,0,0,1,0,0,0,1,4,0,0,1,0,3,0,1,0,0,2
3,8,3,0,0,2,0,2,Green,Beneficiary,17,0,0,0,1,4,0,1,0,0,2,1,0,0,0,1,0,0,0,1,4,0,0,1,0,3,1,0,0,0,1,0,1,0,0,2,1,0,0,0,1,0,0,0,1,4,0,0,1,0,3,0,1,0,0,2,1,0,0,0,1,0,0,0,1,4,0,0,1,0,3,0,1,0,0,2,1,0,0,0,1,0,0,0,1,4,0,0,1,0,3,0,1,0,0,2
3,10,1,2,0,0,0,0,Green,Non-beneficiary,18,0,0,1,0,3,1,0,0,0,1,0,0,1,0,3,1,0,0,0,1,0,1,0,0,2,0,0,0,1,4,0,1,0,0,2,0,0,0,1,4,0,1,0,0,2,0,0,0,1,4,0,1,0,0,2,0,0,0,1,4,0,1,0,0,2,0,0,1,0,3,1,0,0,0,1,0,0,1,0,3,1,0,0,0,1,0,0,1,0,3,1,0,0,0,1
4,8,1,2,0,0,0,0,Purple,Non-beneficiary,18,0,0,1,0,3,1,0,0,0,1,0,0,1,0,3,1,0,0,0,1,0,1,0,0,2,0,0,0,1,4,0,1,0,0,2,0,0,0,1,4,0,1,0,0,2,0,0,0,1,4,0,1,0,0,2,0,0,0,1,4,0,1,0,0,2,0,0,1,0,3,1,0,0,0,1,0,0,1,0,3,1,0,0,0,1,0,0,1,0,3,1,0,0,0,1
4,10,3,0,0,2,0,0,Purple,Non-beneficiary,17,0,0,0,1,4,0,1,0,0,2,1,0,0,0,1,0,0,0,1,4,0,0,1,0,3,1,0,0,0,1,0,1,0,0,2,1,0,0,0,1,0,0,0,1,4,0,0,1,0,3,0,1,0,0,2,1,0,0,0,1,0,0,0,1,4,0,0,1,0,3,0,1,0,0,2,1,0,0,0,1,0,0,0,1,4,0,0,1,0,3,0,1,0,0,2
2,8,2,0,2,0,0,2,Purple,Beneficiary,19,0,0,0,1,4,0,0,1,0,3,1,0,0,0,1,0,0,1,0,3,0,1,0,0,2,0,0,0,1,4,1,0,0,0,1,0,0,0,1,4,0,1,0,0,2,0,0,0,1,4,0,0,1,0,3,1,0,0,0,1,0,1,0,0,2,1,0,0,0,1,0,0,1,0,3,1,0,0,0,1,0,0,0,1,4,0,1,0,0,2,0,0,0,1,4
1,10,4,0,0,0,2,0,Green,Non-beneficiary,20,0,1,0,0,2,0,0,0,1,4,0,0,1,0,3,1,0,0,0,1,0,0,1,0,3,1,0,0,0,1,0,1,0,0,2,0,0,0,1,4,0,1,0,0,2,0,0,0,1,4,0,0,1,0,3,1,0,0,0,1,0,0,1,0,3,1,0,0,0,1,0,1,0,0,2,0,0,0,1,4,1,0,0,0,1,0,0,1,0,3,0,1,0,0,2
3,8,2,0,2,0,0,0,Green,Non-beneficiary,19,0,0,0,1,4,0,0,1,0,3,1,0,0,0,1,0,0,1,0,3,0,1,0,0,2,0,0,0,1,4,1,0,0,0,1,0,0,0,1,4,0,1,0,0,2,0,0,0,1,4,0,0,1,0,3,1,0,0,0,1,0,1,0,0,2,1,0,0,0,1,0,0,1,0,3,1,0,0,0,1,0,0,0,1,4,0,1,0,0,2,0,0,0,1,4
4,12,2,0,2,0,0,0,Purple,Non-beneficiary,19,0,0,0,1,4,0,0,1,0,3,1,0,0,0,1,0,0,1,0,3,0,1,0,0,2,0,0,0,1,4,1,0,0,0,1,0,0,0,1,4,0,1,0,0,2,0,0,0,1,4,0,0,1,0,3,1,0,0,0,1,0,1,0,0,2,1,0,0,0,1,0,0,1,0,3,1,0,0,0,1,0,0,0,1,4,0,1,0,0,2,0,0,0,1,4
2,10,4,0,0,0,2,0,Purple,Non-beneficiary,20,0,1,0,0,2,0,0,0,1,4,0,0,1,0,3,1,0,0,0,1,0,0,1,0,3,1,0,0,0,1,0,1,0,0,2,0,0,0,1,4,0,1,0,0,2,0,0,0,1,4,0,0,1,0,3,1,0,0,0,1,0,0,1,0,3,1,0,0,0,1,0,1,0,0,2,0,0,0,1,4,1,0,0,0,1,0,0,1,0,3,0,1,0,0,2
3,10,4,0,0,0,2,0,Green,Non-beneficiary,20,0,1,0,0,2,0,0,0,1,4,0,0,1,0,3,1,0,0,0,1,0,0,1,0,3,1,0,0,0,1,0,1,0,0,2,0,0,0,1,4,0,1,0,0,2,0,0,0,1,4,0,0,1,0,3,1,0,0,0,1,0,0,1,0,3,1,0,0,0,1,0,1,0,0,2,0,0,0,1,4,1,0,0,0,1,0,0,1,0,3,0,1,0,0,2
4,8,4,0,0,0,2,2,Purple,Beneficiary,20,0,1,0,0,2,0,0,0,1,4,0,0,1,0,3,1,0,0,0,1,0,0,1,0,3,1,0,0,0,1,0,1,0,0,2,0,0,0,1,4,0,1,0,0,2,0,0,0,1,4,0,0,1,0,3,1,0,0,0,1,0,0,1,0,3,1,0,0,0,1,0,1,0,0,2,0,0,0,1,4,1,0,0,0,1,0,0,1,0,3,0,1,0,0,2
1,10,4,0,0,0,2,0,Green,Non-beneficiary,27,1,0,0,0,1,0,0,1,0,3,0,1,0,0,2,0,0,0,1,4,1,0,0,0,1,0,0,1,0,3,1,0,0,0,1,0,1,0,0,2,0,0,0,1,4,0,1,0,0,2,0,0,1,0,3,0,0,0,1,4,0,0,1,0,3,1,0,0,0,1,0,1,0,0,2,0,0,1,0,3,1,0,0,0,1,0,0,1,0,3,0,0,0,1,4
1,18,2,0,2,0,0,0,Green,Non-beneficiary,21,0,0,0,1,4,0,0,1,0,3,1,0,0,0,1,0,0,1,0,3,1,0,0,0,1,0,0,1,0,3,1,0,0,0,1,0,0,1,0,3,1,0,0,0,1,0,0,1,0,3,1,0,0,0,1,0,0,1,0,3,1,0,0,0,1,0,0,1,0,3,1,0,0,0,1,0,0,1,0,3,1,0,0,0,1,0,0,1,0,3,1,0,0,0,1
2,0,2,0,2,0,0,2,Purple,Beneficiary,21,0,0,0,1,4,0,0,1,0,3,1,0,0,0,1,0,0,1,0,3,1,0,0,0,1,0,0,1,0,3,1,0,0,0,1,0,0,1,0,3,1,0,0,0,1,0,0,1,0,3,1,0,0,0,1,0,0,1,0,3,1,0,0,0,1,0,0,1,0,3,1,0,0,0,1,0,0,1,0,3,1,0,0,0,1,0,0,1,0,3,1,0,0,0,1
1,8,3,0,0,2,0,0,Green,Non-beneficiary,22,1,0,0,0,1,0,1,0,0,2,0,0,0,1,4,0,1,0,0,2,0,0,0,1,4,0,1,0,0,2,0,0,0,1,4,1,0,0,0,1,0,0,1,0,3,1,0,0,0,1,0,0,1,0,3,0,0,0,1,4,0,1,0,0,2,0,0,1,0,3,1,0,0,0,1,0,0,1,0,3,0,0,0,1,4,0,1,0,0,2,0,0,0,1,4
2,10,3,0,0,2,0,0,Purple,Non-beneficiary,22,1,0,0,0,1,0,1,0,0,2,0,0,0,1,4,0,1,0,0,2,0,0,0,1,4,0,1,0,0,2,0,0,0,1,4,1,0,0,0,1,0,0,1,0,3,1,0,0,0,1,0,0,1,0,3,0,0,0,1,4,0,1,0,0,2,0,0,1,0,3,1,0,0,0,1,0,0,1,0,3,0,0,0,1,4,0,1,0,0,2,0,0,0,1,4
3,18,2,0,2,0,0,0,Green,Non-beneficiary,21,0,0,0,1,4,0,0,1,0,3,1,0,0,0,1,0,0,1,0,3,1,0,0,0,1,0,0,1,0,3,1,0,0,0,1,0,0,1,0,3,1,0,0,0,1,0,0,1,0,3,1,0,0,0,1,0,0,1,0,3,1,0,0,0,1,0,0,1,0,3,1,0,0,0,1,0,0,1,0,3,1,0,0,0,1,0,0,1,0,3,1,0,0,0,1
4,2,2,0,2,0,0,0,Purple,Non-beneficiary,21,0,0,0,1,4,0,0,1,0,3,1,0,0,0,1,0,0,1,0,3,1,0,0,0,1,0,0,1,0,3,1,0,0,0,1,0,0,1,0,3,1,0,0,0,1,0,0,1,0,3,1,0,0,0,1,0,0,1,0,3,1,0,0,0,1,0,0,1,0,3,1,0,0,0,1,0,0,1,0,3,1,0,0,0,1,0,0,1,0,3,1,0,0,0,1
3,8,3,0,0,2,0,2,Green,Beneficiary,22,1,0,0,0,1,0,1,0,0,2,0,0,0,1,4,0,1,0,0,2,0,0,0,1,4,0,1,0,0,2,0,0,0,1,4,1,0,0,0,1,0,0,1,0,3,1,0,0,0,1,0,0,1,0,3,0,0,0,1,4,0,1,0,0,2,0,0,1,0,3,1,0,0,0,1,0,0,1,0,3,0,0,0,1,4,0,1,0,0,2,0,0,0,1,4
4,12,3,0,0,2,0,0,Purple,Non-beneficiary,22,1,0,0,0,1,0,1,0,0,2,0,0,0,1,4,0,1,0,0,2,0,0,0,1,4,0,1,0,0,2,0,0,0,1,4,1,0,0,0,1,0,0,1,0,3,1,0,0,0,1,0,0,1,0,3,0,0,0,1,4,0,1,0,0,2,0,0,1,0,3,1,0,0,0,1,0,0,1,0,3,0,0,0,1,4,0,1,0,0,2,0,0,0,1,4
1,12,3,0,0,2,0,0,Green,Non-beneficiary,24,1,0,0,0,1,0,0,1,0,3,1,0,0,0,1,0,0,1,0,3,0,1,0,0,2,0,0,0,1,4,0,1,0,0,2,1,0,0,0,1,0,0,0,1,4,0,1,0,0,2,0,0,0,1,4,1,0,0,0,1,0,0,1,0,3,1,0,0,0,1,0,1,0,0,2,0,0,1,0,3,0,1,0,0,2,0,0,0,1,4,1,0,0,0,1
2,10,3,0,0,2,0,0,Purple,Non-beneficiary,24,1,0,0,0,1,0,0,1,0,3,1,0,0,0,1,0,0,1,0,3,0,1,0,0,2,0,0,0,1,4,0,1,0,0,2,1,0,0,0,1,0,0,0,1,4,0,1,0,0,2,0,0,0,1,4,1,0,0,0,1,0,0,1,0,3,1,0,0,0,1,0,1,0,0,2,0,0,1,0,3,0,1,0,0,2,0,0,0,1,4,1,0,0,0,1
1,10,3,0,0,2,0,0,Green,Non-beneficiary,23,1,0,0,0,1,0,0,1,0,3,0,1,0,0,2,0,0,0,1,4,0,1,0,0,2,1,0,0,0,1,0,0,1,0,3,1,0,0,0,1,0,0,1,0,3,1,0,0,0,1,0,0,1,0,3,0,0,0,1,4,0,1,0,0,2,0,0,0,1,4,1,0,0,0,1,0,0,1,0,3,0,1,0,0,2,0,0,0,1,4,0,1,0,0,2
2,10,3,0,0,2,0,0,Purple,Non-beneficiary,23,1,0,0,0,1,0,0,1,0,3,0,1,0,0,2,0,0,0,1,4,0,1,0,0,2,1,0,0,0,1,0,0,1,0,3,1,0,0,0,1,0,0,1,0,3,1,0,0,0,1,0,0,1,0,3,0,0,0,1,4,0,1,0,0,2,0,0,0,1,4,1,0,0,0,1,0,0,1,0,3,0,1,0,0,2,0,0,0,1,4,0,1,0,0,2
3,10,3,0,0,2,0,2,Green,Beneficiary,23,1,0,0,0,1,0,0,1,0,3,0,1,0,0,2,0,0,0,1,4,0,1,0,0,2,1,0,0,0,1,0,0,1,0,3,1,0,0,0,1,0,0,1,0,3,1,0,0,0,1,0,0,1,0,3,0,0,0,1,4,0,1,0,0,2,0,0,0,1,4,1,0,0,0,1,0,0,1,0,3,0,1,0,0,2,0,0,0,1,4,0,1,0,0,2
3,8,3,0,0,2,0,2,Green,Beneficiary,24,1,0,0,0,1,0,0,1,0,3,1,0,0,0,1,0,0,1,0,3,0,1,0,0,2,0,0,0,1,4,0,1,0,0,2,1,0,0,0,1,0,0,0,1,4,0,1,0,0,2,0,0,0,1,4,1,0,0,0,1,0,0,1,0,3,1,0,0,0,1,0,1,0,0,2,0,0,1,0,3,0,1,0,0,2,0,0,0,1,4,1,0,0,0,1
4,8,3,0,0,2,0,0,Purple,Non-beneficiary,23,1,0,0,0,1,0,0,1,0,3,0,1,0,0,2,0,0,0,1,4,0,1,0,0,2,1,0,0,0,1,0,0,1,0,3,1,0,0,0,1,0,0,1,0,3,1,0,0,0,1,0,0,1,0,3,0,0,0,1,4,0,1,0,0,2,0,0,0,1,4,1,0,0,0,1,0,0,1,0,3,0,1,0,0,2,0,0,0,1,4,0,1,0,0,2
4,8,3,0,0,2,0,0,Purple,Non-beneficiary,24,1,0,0,0,1,0,0,1,0,3,1,0,0,0,1,0,0,1,0,3,0,1,0,0,2,0,0,0,1,4,0,1,0,0,2,1,0,0,0,1,0,0,0,1,4,0,1,0,0,2,0,0,0,1,4,1,0,0,0,1,0,0,1,0,3,1,0,0,0,1,0,1,0,0,2,0,0,1,0,3,0,1,0,0,2,0,0,0,1,4,1,0,0,0,1
1,10,3,0,0,2,0,0,Green,Non-beneficiary,25,0,1,0,0,2,0,0,0,1,4,1,0,0,0,1,0,0,1,0,3,0,1,0,0,2,0,0,0,1,4,1,0,0,0,1,0,0,1,0,3,0,1,0,0,2,0,0,0,1,4,1,0,0,0,1,0,0,1,0,3,0,1,0,0,2,0,0,0,1,4,1,0,0,0,1,0,0,1,0,3,0,1,0,0,2,0,0,0,1,4,1,0,0,0,1
2,10,3,0,0,2,0,0,Purple,Non-beneficiary,25,0,1,0,0,2,0,0,0,1,4,1,0,0,0,1,0,0,1,0,3,0,1,0,0,2,0,0,0,1,4,1,0,0,0,1,0,0,1,0,3,0,1,0,0,2,0,0,0,1,4,1,0,0,0,1,0,0,1,0,3,0,1,0,0,2,0,0,0,1,4,1,0,0,0,1,0,0,1,0,3,0,1,0,0,2,0,0,0,1,4,1,0,0,0,1
3,8,3,0,0,2,0,2,Green,Beneficiary,25,0,1,0,0,2,0,0,0,1,4,1,0,0,0,1,0,0,1,0,3,0,1,0,0,2,0,0,0,1,4,1,0,0,0,1,0,0,1,0,3,0,1,0,0,2,0,0,0,1,4,1,0,0,0,1,0,0,1,0,3,0,1,0,0,2,0,0,0,1,4,1,0,0,0,1,0,0,1,0,3,0,1,0,0,2,0,0,0,1,4,1,0,0,0,1
4,10,3,0,0,2,0,0,Purple,Non-beneficiary,25,0,1,0,0,2,0,0,0,1,4,1,0,0,0,1,0,0,1,0,3,0,1,0,0,2,0,0,0,1,4,1,0,0,0,1,0,0,1,0,3,0,1,0,0,2,0,0,0,1,4,1,0,0,0,1,0,0,1,0,3,0,1,0,0,2,0,0,0,1,4,1,0,0,0,1,0,0,1,0,3,0,1,0,0,2,0,0,0,1,4,1,0,0,0,1
1,18,4,0,0,0,2,0,Green,Non-beneficiary,26,0,1,0,0,2,0,0,1,0,3,1,0,0,0,1,0,0,1,0,3,1,0,0,0,1,0,0,1,0,3,1,0,0,0,1,0,0,1,0,3,1,0,0,0,1,0,0,1,0,3,1,0,0,0,1,0,0,1,0,3,1,0,0,0,1,0,0,1,0,3,1,0,0,0,1,0,0,1,0,3,1,0,0,0,1,0,0,1,0,3,1,0,0,0,1
2,2,4,0,0,0,2,0,Purple,Non-beneficiary,26,0,1,0,0,2,0,0,1,0,3,1,0,0,0,1,0,0,1,0,3,1,0,0,0,1,0,0,1,0,3,1,0,0,0,1,0,0,1,0,3,1,0,0,0,1,0,0,1,0,3,1,0,0,0,1,0,0,1,0,3,1,0,0,0,1,0,0,1,0,3,1,0,0,0,1,0,0,1,0,3,1,0,0,0,1,0,0,1,0,3,1,0,0,0,1
2,8,4,0,0,0,2,0,Purple,Non-beneficiary,27,1,0,0,0,1,0,0,1,0,3,0,1,0,0,2,0,0,0,1,4,1,0,0,0,1,0,0,1,0,3,1,0,0,0,1,0,1,0,0,2,0,0,0,1,4,0,1,0,0,2,0,0,1,0,3,0,0,0,1,4,0,0,1,0,3,1,0,0,0,1,0,1,0,0,2,0,0,1,0,3,1,0,0,0,1,0,0,1,0,3,0,0,0,1,4
3,18,4,0,0,0,2,0,Green,Non-beneficiary,26,0,1,0,0,2,0,0,1,0,3,1,0,0,0,1,0,0,1,0,3,1,0,0,0,1,0,0,1,0,3,1,0,0,0,1,0,0,1,0,3,1,0,0,0,1,0,0,1,0,3,1,0,0,0,1,0,0,1,0,3,1,0,0,0,1,0,0,1,0,3,1,0,0,0,1,0,0,1,0,3,1,0,0,0,1,0,0,1,0,3,1,0,0,0,1
4,0,4,0,0,0,2,2,Purple,Beneficiary,26,0,1,0,0,2,0,0,1,0,3,1,0,0,0,1,0,0,1,0,3,1,0,0,0,1,0,0,1,0,3,1,0,0,0,1,0,0,1,0,3,1,0,0,0,1,0,0,1,0,3,1,0,0,0,1,0,0,1,0,3,1,0,0,0,1,0,0,1,0,3,1,0,0,0,1,0,0,1,0,3,1,0,0,0,1,0,0,1,0,3,1,0,0,0,1
3,12,4,0,0,0,2,0,Green,Non-beneficiary,27,1,0,0,0,1,0,0,1,0,3,0,1,0,0,2,0,0,0,1,4,1,0,0,0,1,0,0,1,0,3,1,0,0,0,1,0,1,0,0,2,0,0,0,1,4,0,1,0,0,2,0,0,1,0,3,0,0,0,1,4,0,0,1,0,3,1,0,0,0,1,0,1,0,0,2,0,0,1,0,3,1,0,0,0,1,0,0,1,0,3,0,0,0,1,4
4,8,4,0,0,0,2,2,Purple,Beneficiary,27,1,0,0,0,1,0,0,1,0,3,0,1,0,0,2,0,0,0,1,4,1,0,0,0,1,0,0,1,0,3,1,0,0,0,1,0,1,0,0,2,0,0,0,1,4,0,1,0,0,2,0,0,1,0,3,0,0,0,1,4,0,0,1,0,3,1,0,0,0,1,0,1,0,0,2,0,0,1,0,3,1,0,0,0,1,0,0,1,0,3,0,0,0,1,4
1,0,4,0,0,0,2,0,Green,Non-beneficiary,28,0,1,0,0,2,0,0,0,1,4,0,1,0,0,2,0,0,0,1,4,0,1,0,0,2,0,0,0,1,4,0,1,0,0,2,0,0,0,1,4,0,1,0,0,2,0,0,0,1,4,0,1,0,0,2,0,0,0,1,4,0,1,0,0,2,0,0,0,1,4,0,1,0,0,2,0,0,0,1,4,0,1,0,0,2,0,0,0,1,4,0,1,0,0,2
3,0,4,0,0,0,2,0,Green,Non-beneficiary,28,0,1,0,0,2,0,0,0,1,4,0,1,0,0,2,0,0,0,1,4,0,1,0,0,2,0,0,0,1,4,0,1,0,0,2,0,0,0,1,4,0,1,0,0,2,0,0,0,1,4,0,1,0,0,2,0,0,0,1,4,0,1,0,0,2,0,0,0,1,4,0,1,0,0,2,0,0,0,1,4,0,1,0,0,2,0,0,0,1,4,0,1,0,0,2
1,8,1,2,0,0,0,2,Green,Beneficiary,29,0,0,1,0,3,0,0,0,1,4,0,1,0,0,2,0,0,0,1,4,0,1,0,0,2,1,0,0,0,1,0,0,1,0,3,0,1,0,0,2,0,0,0,1,4,0,0,1,0,3,1,0,0,0,1,0,0,1,0,3,0,1,0,0,2,0,0,0,1,4,1,0,0,0,1,0,0,1,0,3,0,0,0,1,4,0,1,0,0,2,1,0,0,0,1
4,18,4,0,0,0,2,2,Purple,Beneficiary,28,0,1,0,0,2,0,0,0,1,4,0,1,0,0,2,0,0,0,1,4,0,1,0,0,2,0,0,0,1,4,0,1,0,0,2,0,0,0,1,4,0,1,0,0,2,0,0,0,1,4,0,1,0,0,2,0,0,0,1,4,0,1,0,0,2,0,0,0,1,4,0,1,0,0,2,0,0,0,1,4,0,1,0,0,2,0,0,0,1,4,0,1,0,0,2
1,10,4,0,0,0,2,0,Green,Non-beneficiary,30,0,0,1,0,3,1,0,0,0,1,0,0,1,0,3,0,1,0,0,2,0,0,0,1,4,0,0,1,0,3,1,0,0,0,1,0,1,0,0,2,0,0,1,0,3,0,0,0,1,4,0,1,0,0,2,0,0,0,1,4,1,0,0,0,1,0,1,0,0,2,0,0,0,1,4,1,0,0,0,1,0,0,1,0,3,0,1,0,0,2,1,0,0,0,1
2,10,4,0,0,0,2,0,Purple,Non-beneficiary,30,0,0,1,0,3,1,0,0,0,1,0,0,1,0,3,0,1,0,0,2,0,0,0,1,4,0,0,1,0,3,1,0,0,0,1,0,1,0,0,2,0,0,1,0,3,0,0,0,1,4,0,1,0,0,2,0,0,0,1,4,1,0,0,0,1,0,1,0,0,2,0,0,0,1,4,1,0,0,0,1,0,0,1,0,3,0,1,0,0,2,1,0,0,0,1
1,8,2,0,2,0,0,0,Green,Non-beneficiary,31,0,0,0,1,4,0,1,0,0,2,0,0,1,0,3,1,0,0,0,1,0,0,1,0,3,1,0,0,0,1,0,0,1,0,3,0,0,0,1,4,0,0,1,0,3,0,1,0,0,2,0,0,0,1,4,0,1,0,0,2,1,0,0,0,1,0,0,0,1,4,1,0,0,0,1,0,0,1,0,3,0,1,0,0,2,0,0,0,1,4,0,1,0,0,2
2,10,1,2,0,0,0,0,Purple,Non-beneficiary,29,0,0,1,0,3,0,0,0,1,4,0,1,0,0,2,0,0,0,1,4,0,1,0,0,2,1,0,0,0,1,0,0,1,0,3,0,1,0,0,2,0,0,0,1,4,0,0,1,0,3,1,0,0,0,1,0,0,1,0,3,0,1,0,0,2,0,0,0,1,4,1,0,0,0,1,0,0,1,0,3,0,0,0,1,4,0,1,0,0,2,1,0,0,0,1
3,10,4,0,0,0,2,0,Green,Non-beneficiary,30,0,0,1,0,3,1,0,0,0,1,0,0,1,0,3,0,1,0,0,2,0,0,0,1,4,0,0,1,0,3,1,0,0,0,1,0,1,0,0,2,0,0,1,0,3,0,0,0,1,4,0,1,0,0,2,0,0,0,1,4,1,0,0,0,1,0,1,0,0,2,0,0,0,1,4,1,0,0,0,1,0,0,1,0,3,0,1,0,0,2,1,0,0,0,1
3,10,1,2,0,0,0,0,Green,Non-beneficiary,29,0,0,1,0,3,0,0,0,1,4,0,1,0,0,2,0,0,0,1,4,0,1,0,0,2,1,0,0,0,1,0,0,1,0,3,0,1,0,0,2,0,0,0,1,4,0,0,1,0,3,1,0,0,0,1,0,0,1,0,3,0,1,0,0,2,0,0,0,1,4,1,0,0,0,1,0,0,1,0,3,0,0,0,1,4,0,1,0,0,2,1,0,0,0,1
4,10,1,2,0,0,0,0,Purple,Non-beneficiary,29,0,0,1,0,3,0,0,0,1,4,0,1,0,0,2,0,0,0,1,4,0,1,0,0,2,1,0,0,0,1,0,0,1,0,3,0,1,0,0,2,0,0,0,1,4,0,0,1,0,3,1,0,0,0,1,0,0,1,0,3,0,1,0,0,2,0,0,0,1,4,1,0,0,0,1,0,0,1,0,3,0,0,0,1,4,0,1,0,0,2,1,0,0,0,1
2,10,2,0,2,0,0,2,Purple,Beneficiary,31,0,0,0,1,4,0,1,0,0,2,0,0,1,0,3,1,0,0,0,1,0,0,1,0,3,1,0,0,0,1,0,0,1,0,3,0,0,0,1,4,0,0,1,0,3,0,1,0,0,2,0,0,0,1,4,0,1,0,0,2,1,0,0,0,1,0,0,0,1,4,1,0,0,0,1,0,0,1,0,3,0,1,0,0,2,0,0,0,1,4,0,1,0,0,2
3,10,2,0,2,0,0,0,Green,Non-beneficiary,31,0,0,0,1,4,0,1,0,0,2,0,0,1,0,3,1,0,0,0,1,0,0,1,0,3,1,0,0,0,1,0,0,1,0,3,0,0,0,1,4,0,0,1,0,3,0,1,0,0,2,0,0,0,1,4,0,1,0,0,2,1,0,0,0,1,0,0,0,1,4,1,0,0,0,1,0,0,1,0,3,0,1,0,0,2,0,0,0,1,4,0,1,0,0,2
1,8,1,2,0,0,0,2,Green,Beneficiary,32,0,0,0,1,4,0,0,1,0,3,0,1,0,0,2,0,0,1,0,3,0,1,0,0,2,1,0,0,0,1,0,0,1,0,3,1,0,0,0,1,0,0,0,1,4,0,1,0,0,2,0,0,1,0,3,0,0,0,1,4,1,0,0,0,1,0,0,1,0,3,0,1,0,0,2,1,0,0,0,1,0,0,0,1,4,0,1,0,0,2,0,0,1,0,3
4,8,4,0,0,0,2,2,Purple,Beneficiary,30,0,0,1,0,3,1,0,0,0,1,0,0,1,0,3,0,1,0,0,2,0,0,0,1,4,0,0,1,0,3,1,0,0,0,1,0,1,0,0,2,0,0,1,0,3,0,0,0,1,4,0,1,0,0,2,0,0,0,1,4,1,0,0,0,1,0,1,0,0,2,0,0,0,1,4,1,0,0,0,1,0,0,1,0,3,0,1,0,0,2,1,0,0,0,1
2,10,1,2,0,0,0,0,Purple,Non-beneficiary,32,0,0,0,1,4,0,0,1,0,3,0,1,0,0,2,0,0,1,0,3,0,1,0,0,2,1,0,0,0,1,0,0,1,0,3,1,0,0,0,1,0,0,0,1,4,0,1,0,0,2,0,0,1,0,3,0,0,0,1,4,1,0,0,0,1,0,0,1,0,3,0,1,0,0,2,1,0,0,0,1,0,0,0,1,4,0,1,0,0,2,0,0,1,0,3
4,10,2,0,2,0,0,0,Purple,Non-beneficiary,31,0,0,0,1,4,0,1,0,0,2,0,0,1,0,3,1,0,0,0,1,0,0,1,0,3,1,0,0,0,1,0,0,1,0,3,0,0,0,1,4,0,0,1,0,3,0,1,0,0,2,0,0,0,1,4,0,1,0,0,2,1,0,0,0,1,0,0,0,1,4,1,0,0,0,1,0,0,1,0,3,0,1,0,0,2,0,0,0,1,4,0,1,0,0,2
3,12,1,2,0,0,0,0,Green,Non-beneficiary,32,0,0,0,1,4,0,0,1,0,3,0,1,0,0,2,0,0,1,0,3,0,1,0,0,2,1,0,0,0,1,0,0,1,0,3,1,0,0,0,1,0,0,0,1,4,0,1,0,0,2,0,0,1,0,3,0,0,0,1,4,1,0,0,0,1,0,0,1,0,3,0,1,0,0,2,1,0,0,0,1,0,0,0,1,4,0,1,0,0,2,0,0,1,0,3
4,8,1,2,0,0,0,0,Purple,Non-beneficiary,32,0,0,0,1,4,0,0,1,0,3,0,1,0,0,2,0,0,1,0,3,0,1,0,0,2,1,0,0,0,1,0,0,1,0,3,1,0,0,0,1,0,0,0,1,4,0,1,0,0,2,0,0,1,0,3,0,0,0,1,4,1,0,0,0,1,0,0,1,0,3,0,1,0,0,2,1,0,0,0,1,0,0,0,1,4,0,1,0,0,2,0,0,1,0,3
1,8,3,0,0,2,0,0,Green,Non-beneficiary,34,0,1,0,0,2,0,0,0,1,4,0,0,1,0,3,0,0,0,1,4,1,0,0,0,1,0,0,1,0,3,1,0,0,0,1,0,1,0,0,2,0,0,1,0,3,0,1,0,0,2,1,0,0,0,1,0,0,0,1,4,0,1,0,0,2,0,0,0,1,4,0,0,1,0,3,0,0,0,1,4,0,1,0,0,2,1,0,0,0,1,0,1,0,0,2
1,6,4,0,0,0,2,0,Green,Non-beneficiary,33,0,1,0,0,2,0,0,1,0,3,0,1,0,0,2,1,0,0,0,1,0,0,1,0,3,0,0,0,1,4,1,0,0,0,1,0,0,1,0,3,1,0,0,0,1,0,0,1,0,3,0,1,0,0,2,0,0,0,1,4,0,1,0,0,2,0,0,0,1,4,0,1,0,0,2,0,0,0,1,4,0,1,0,0,2,0,0,0,1,4,0,1,0,0,2
1,14,3,0,0,2,0,0,Green,Non-beneficiary,39,1,0,0,0,1,0,1,0,0,2,0,0,0,1,4,0,1,0,0,2,0,0,0,1,4,0,1,0,0,2,0,0,1,0,3,1,0,0,0,1,0,0,0,1,4,0,1,0,0,2,1,0,0,0,1,0,0,1,0,3,1,0,0,0,1,0,0,1,0,3,1,0,0,0,1,0,0,1,0,3,1,0,0,0,1,0,0,1,0,3,1,0,0,0,1
2,14,4,0,0,0,2,0,Purple,Non-beneficiary,33,0,1,0,0,2,0,0,1,0,3,0,1,0,0,2,1,0,0,0,1,0,0,1,0,3,0,0,0,1,4,1,0,0,0,1,0,0,1,0,3,1,0,0,0,1,0,0,1,0,3,0,1,0,0,2,0,0,0,1,4,0,1,0,0,2,0,0,0,1,4,0,1,0,0,2,0,0,0,1,4,0,1,0,0,2,0,0,0,1,4,0,1,0,0,2
3,8,4,0,0,0,2,0,Green,Non-beneficiary,33,0,1,0,0,2,0,0,1,0,3,0,1,0,0,2,1,0,0,0,1,0,0,1,0,3,0,0,0,1,4,1,0,0,0,1,0,0,1,0,3,1,0,0,0,1,0,0,1,0,3,0,1,0,0,2,0,0,0,1,4,0,1,0,0,2,0,0,0,1,4,0,1,0,0,2,0,0,0,1,4,0,1,0,0,2,0,0,0,1,4,0,1,0,0,2
2,12,3,0,0,2,0,0,Purple,Non-beneficiary,34,0,1,0,0,2,0,0,0,1,4,0,0,1,0,3,0,0,0,1,4,1,0,0,0,1,0,0,1,0,3,1,0,0,0,1,0,1,0,0,2,0,0,1,0,3,0,1,0,0,2,1,0,0,0,1,0,0,0,1,4,0,1,0,0,2,0,0,0,1,4,0,0,1,0,3,0,0,0,1,4,0,1,0,0,2,1,0,0,0,1,0,1,0,0,2
4,10,4,0,0,0,2,2,Purple,Beneficiary,33,0,1,0,0,2,0,0,1,0,3,0,1,0,0,2,1,0,0,0,1,0,0,1,0,3,0,0,0,1,4,1,0,0,0,1,0,0,1,0,3,1,0,0,0,1,0,0,1,0,3,0,1,0,0,2,0,0,0,1,4,0,1,0,0,2,0,0,0,1,4,0,1,0,0,2,0,0,0,1,4,0,1,0,0,2,0,0,0,1,4,0,1,0,0,2
3,8,3,0,0,2,0,2,Green,Beneficiary,34,0,1,0,0,2,0,0,0,1,4,0,0,1,0,3,0,0,0,1,4,1,0,0,0,1,0,0,1,0,3,1,0,0,0,1,0,1,0,0,2,0,0,1,0,3,0,1,0,0,2,1,0,0,0,1,0,0,0,1,4,0,1,0,0,2,0,0,0,1,4,0,0,1,0,3,0,0,0,1,4,0,1,0,0,2,1,0,0,0,1,0,1,0,0,2
4,10,3,0,0,2,0,0,Purple,Non-beneficiary,34,0,1,0,0,2,0,0,0,1,4,0,0,1,0,3,0,0,0,1,4,1,0,0,0,1,0,0,1,0,3,1,0,0,0,1,0,1,0,0,2,0,0,1,0,3,0,1,0,0,2,1,0,0,0,1,0,0,0,1,4,0,1,0,0,2,0,0,0,1,4,0,0,1,0,3,0,0,0,1,4,0,1,0,0,2,1,0,0,0,1,0,1,0,0,2
1,0,4,0,0,0,2,0,Green,Non-beneficiary,35,0,1,0,0,2,0,0,0,1,4,0,1,0,0,2,0,0,0,1,4,0,1,0,0,2,0,0,0,1,4,0,1,0,0,2,0,0,0,1,4,0,1,0,0,2,0,0,0,1,4,0,1,0,0,2,0,0,0,1,4,0,1,0,0,2,0,0,0,1,4,0,1,0,0,2,0,0,0,1,4,0,1,0,0,2,0,0,0,1,4,0,1,0,0,2
2,18,3,0,0,2,0,0,Purple,Non-beneficiary,37,1,0,0,0,1,0,0,0,1,4,0,1,0,0,2,0,0,0,1,4,0,1,0,0,2,0,0,0,1,4,0,1,0,0,2,0,0,0,1,4,0,1,0,0,2,0,0,0,1,4,0,1,0,0,2,0,0,0,1,4,0,1,0,0,2,0,0,0,1,4,0,1,0,0,2,0,0,0,1,4,0,1,0,0,2,0,0,0,1,4,0,1,0,0,2
2,20,4,0,0,0,2,0,Purple,Non-beneficiary,35,0,1,0,0,2,0,0,0,1,4,0,1,0,0,2,0,0,0,1,4,0,1,0,0,2,0,0,0,1,4,0,1,0,0,2,0,0,0,1,4,0,1,0,0,2,0,0,0,1,4,0,1,0,0,2,0,0,0,1,4,0,1,0,0,2,0,0,0,1,4,0,1,0,0,2,0,0,0,1,4,0,1,0,0,2,0,0,0,1,4,0,1,0,0,2
3,0,4,0,0,0,2,0,Green,Non-beneficiary,35,0,1,0,0,2,0,0,0,1,4,0,1,0,0,2,0,0,0,1,4,0,1,0,0,2,0,0,0,1,4,0,1,0,0,2,0,0,0,1,4,0,1,0,0,2,0,0,0,1,4,0,1,0,0,2,0,0,0,1,4,0,1,0,0,2,0,0,0,1,4,0,1,0,0,2,0,0,0,1,4,0,1,0,0,2,0,0,0,1,4,0,1,0,0,2
4,18,4,0,0,0,2,2,Purple,Beneficiary,35,0,1,0,0,2,0,0,0,1,4,0,1,0,0,2,0,0,0,1,4,0,1,0,0,2,0,0,0,1,4,0,1,0,0,2,0,0,0,1,4,0,1,0,0,2,0,0,0,1,4,0,1,0,0,2,0,0,0,1,4,0,1,0,0,2,0,0,0,1,4,0,1,0,0,2,0,0,0,1,4,0,1,0,0,2,0,0,0,1,4,0,1,0,0,2
1,16,3,0,0,2,0,0,Green,Non-beneficiary,38,1,0,0,0,1,0,0,0,1,4,0,1,0,0,2,0,0,1,0,3,1,0,0,0,1,0,1,0,0,2,0,0,0,1,4,1,0,0,0,1,0,0,1,0,3,1,0,0,0,1,0,0,1,0,3,1,0,0,0,1,0,0,1,0,3,1,0,0,0,1,0,0,1,0,3,1,0,0,0,1,0,0,1,0,3,1,0,0,0,1,0,0,1,0,3
3,0,3,0,0,2,0,2,Green,Beneficiary,37,1,0,0,0,1,0,0,0,1,4,0,1,0,0,2,0,0,0,1,4,0,1,0,0,2,0,0,0,1,4,0,1,0,0,2,0,0,0,1,4,0,1,0,0,2,0,0,0,1,4,0,1,0,0,2,0,0,0,1,4,0,1,0,0,2,0,0,0,1,4,0,1,0,0,2,0,0,0,1,4,0,1,0,0,2,0,0,0,1,4,0,1,0,0,2
4,18,3,0,0,2,0,0,Purple,Non-beneficiary,37,1,0,0,0,1,0,0,0,1,4,0,1,0,0,2,0,0,0,1,4,0,1,0,0,2,0,0,0,1,4,0,1,0,0,2,0,0,0,1,4,0,1,0,0,2,0,0,0,1,4,0,1,0,0,2,0,0,0,1,4,0,1,0,0,2,0,0,0,1,4,0,1,0,0,2,0,0,0,1,4,0,1,0,0,2,0,0,0,1,4,0,1,0,0,2
4,4,3,0,0,2,0,0,Purple,Non-beneficiary,38,1,0,0,0,1,0,0,0,1,4,0,1,0,0,2,0,0,1,0,3,1,0,0,0,1,0,1,0,0,2,0,0,0,1,4,1,0,0,0,1,0,0,1,0,3,1,0,0,0,1,0,0,1,0,3,1,0,0,0,1,0,0,1,0,3,1,0,0,0,1,0,0,1,0,3,1,0,0,0,1,0,0,1,0,3,1,0,0,0,1,0,0,1,0,3
2,4,3,0,0,2,0,0,Purple,Non-beneficiary,38,1,0,0,0,1,0,0,0,1,4,0,1,0,0,2,0,0,1,0,3,1,0,0,0,1,0,1,0,0,2,0,0,0,1,4,1,0,0,0,1,0,0,1,0,3,1,0,0,0,1,0,0,1,0,3,1,0,0,0,1,0,0,1,0,3,1,0,0,0,1,0,0,1,0,3,1,0,0,0,1,0,0,1,0,3,1,0,0,0,1,0,0,1,0,3
2,8,3,0,0,2,0,0,Purple,Non-beneficiary,39,1,0,0,0,1,0,1,0,0,2,0,0,0,1,4,0,1,0,0,2,0,0,0,1,4,0,1,0,0,2,0,0,1,0,3,1,0,0,0,1,0,0,0,1,4,0,1,0,0,2,1,0,0,0,1,0,0,1,0,3,1,0,0,0,1,0,0,1,0,3,1,0,0,0,1,0,0,1,0,3,1,0,0,0,1,0,0,1,0,3,1,0,0,0,1
3,14,3,0,0,2,0,2,Green,Beneficiary,38,1,0,0,0,1,0,0,0,1,4,0,1,0,0,2,0,0,1,0,3,1,0,0,0,1,0,1,0,0,2,0,0,0,1,4,1,0,0,0,1,0,0,1,0,3,1,0,0,0,1,0,0,1,0,3,1,0,0,0,1,0,0,1,0,3,1,0,0,0,1,0,0,1,0,3,1,0,0,0,1,0,0,1,0,3,1,0,0,0,1,0,0,1,0,3
1,2,3,0,0,2,0,0,Green,Non-beneficiary,37,1,0,0,0,1,0,0,0,1,4,0,1,0,0,2,0,0,0,1,4,0,1,0,0,2,0,0,0,1,4,0,1,0,0,2,0,0,0,1,4,0,1,0,0,2,0,0,0,1,4,0,1,0,0,2,0,0,0,1,4,0,1,0,0,2,0,0,0,1,4,0,1,0,0,2,0,0,0,1,4,0,1,0,0,2,0,0,0,1,4,0,1,0,0,2
3,10,3,0,0,2,0,2,Green,Beneficiary,39,1,0,0,0,1,0,1,0,0,2,0,0,0,1,4,0,1,0,0,2,0,0,0,1,4,0,1,0,0,2,0,0,1,0,3,1,0,0,0,1,0,0,0,1,4,0,1,0,0,2,1,0,0,0,1,0,0,1,0,3,1,0,0,0,1,0,0,1,0,3,1,0,0,0,1,0,0,1,0,3,1,0,0,0,1,0,0,1,0,3,1,0,0,0,1
4,6,3,0,0,2,0,0,Purple,Non-beneficiary,39,1,0,0,0,1,0,1,0,0,2,0,0,0,1,4,0,1,0,0,2,0,0,0,1,4,0,1,0,0,2,0,0,1,0,3,1,0,0,0,1,0,0,0,1,4,0,1,0,0,2,1,0,0,0,1,0,0,1,0,3,1,0,0,0,1,0,0,1,0,3,1,0,0,0,1,0,0,1,0,3,1,0,0,0,1,0,0,1,0,3,1,0,0,0,1
1,20,4,0,0,0,2,0,Green,Non-beneficiary,40,1,0,0,0,1,0,0,1,0,3,1,0,0,0,1,0,0,1,0,3,1,0,0,0,1,0,0,1,0,3,1,0,0,0,1,0,0,1,0,3,1,0,0,0,1,0,0,1,0,3,1,0,0,0,1,0,0,1,0,3,1,0,0,0,1,0,0,1,0,3,1,0,0,0,1,0,0,1,0,3,1,0,0,0,1,0,0,1,0,3,1,0,0,0,1
2,0,4,0,0,0,2,0,Purple,Non-beneficiary,40,1,0,0,0,1,0,0,1,0,3,1,0,0,0,1,0,0,1,0,3,1,0,0,0,1,0,0,1,0,3,1,0,0,0,1,0,0,1,0,3,1,0,0,0,1,0,0,1,0,3,1,0,0,0,1,0,0,1,0,3,1,0,0,0,1,0,0,1,0,3,1,0,0,0,1,0,0,1,0,3,1,0,0,0,1,0,0,1,0,3,1,0,0,0,1
3,18,4,0,0,0,2,0,Green,Non-beneficiary,40,1,0,0,0,1,0,0,1,0,3,1,0,0,0,1,0,0,1,0,3,1,0,0,0,1,0,0,1,0,3,1,0,0,0,1,0,0,1,0,3,1,0,0,0,1,0,0,1,0,3,1,0,0,0,1,0,0,1,0,3,1,0,0,0,1,0,0,1,0,3,1,0,0,0,1,0,0,1,0,3,1,0,0,0,1,0,0,1,0,3,1,0,0,0,1
4,0,4,0,0,0,2,2,Purple,Beneficiary,40,1,0,0,0,1,0,0,1,0,3,1,0,0,0,1,0,0,1,0,3,1,0,0,0,1,0,0,1,0,3,1,0,0,0,1,0,0,1,0,3,1,0,0,0,1,0,0,1,0,3,1,0,0,0,1,0,0,1,0,3,1,0,0,0,1,0,0,1,0,3,1,0,0,0,1,0,0,1,0,3,1,0,0,0,1,0,0,1,0,3,1,0,0,0,1
1,0,2,0,2,0,0,0,Green,Non-beneficiary,41,0,0,0,1,4,0,1,0,0,2,0,0,0,1,4,0,1,0,0,2,0,0,0,1,4,0,1,0,0,2,0,0,0,1,4,0,1,0,0,2,0,0,0,1,4,0,1,0,0,2,0,0,0,1,4,0,1,0,0,2,0,0,0,1,4,0,1,0,0,2,0,0,0,1,4,0,1,0,0,2,0,0,0,1,4,0,1,0,0,2,0,0,0,1,4
2,18,2,0,2,0,0,2,Purple,Beneficiary,41,0,0,0,1,4,0,1,0,0,2,0,0,0,1,4,0,1,0,0,2,0,0,0,1,4,0,1,0,0,2,0,0,0,1,4,0,1,0,0,2,0,0,0,1,4,0,1,0,0,2,0,0,0,1,4,0,1,0,0,2,0,0,0,1,4,0,1,0,0,2,0,0,0,1,4,0,1,0,0,2,0,0,0,1,4,0,1,0,0,2,0,0,0,1,4
3,0,2,0,2,0,0,0,Green,Non-beneficiary,41,0,0,0,1,4,0,1,0,0,2,0,0,0,1,4,0,1,0,0,2,0,0,0,1,4,0,1,0,0,2,0,0,0,1,4,0,1,0,0,2,0,0,0,1,4,0,1,0,0,2,0,0,0,1,4,0,1,0,0,2,0,0,0,1,4,0,1,0,0,2,0,0,0,1,4,0,1,0,0,2,0,0,0,1,4,0,1,0,0,2,0,0,0,1,4
1,18,1,2,0,0,0,2,Green,Beneficiary,42,0,0,1,0,3,1,0,0,0,1,0,0,1,0,3,1,0,0,0,1,0,0,1,0,3,1,0,0,0,1,0,0,1,0,3,1,0,0,0,1,0,0,1,0,3,1,0,0,0,1,0,0,1,0,3,1,0,0,0,1,0,0,1,0,3,1,0,0,0,1,0,0,1,0,3,1,0,0,0,1,0,0,1,0,3,1,0,0,0,1,0,0,1,0,3
4,20,2,0,2,0,0,0,Purple,Non-beneficiary,41,0,0,0,1,4,0,1,0,0,2,0,0,0,1,4,0,1,0,0,2,0,0,0,1,4,0,1,0,0,2,0,0,0,1,4,0,1,0,0,2,0,0,0,1,4,0,1,0,0,2,0,0,0,1,4,0,1,0,0,2,0,0,0,1,4,0,1,0,0,2,0,0,0,1,4,0,1,0,0,2,0,0,0,1,4,0,1,0,0,2,0,0,0,1,4
2,0,1,2,0,0,0,0,Purple,Non-beneficiary,42,0,0,1,0,3,1,0,0,0,1,0,0,1,0,3,1,0,0,0,1,0,0,1,0,3,1,0,0,0,1,0,0,1,0,3,1,0,0,0,1,0,0,1,0,3,1,0,0,0,1,0,0,1,0,3,1,0,0,0,1,0,0,1,0,3,1,0,0,0,1,0,0,1,0,3,1,0,0,0,1,0,0,1,0,3,1,0,0,0,1,0,0,1,0,3
3,20,1,2,0,0,0,0,Green,Non-beneficiary,42,0,0,1,0,3,1,0,0,0,1,0,0,1,0,3,1,0,0,0,1,0,0,1,0,3,1,0,0,0,1,0,0,1,0,3,1,0,0,0,1,0,0,1,0,3,1,0,0,0,1,0,0,1,0,3,1,0,0,0,1,0,0,1,0,3,1,0,0,0,1,0,0,1,0,3,1,0,0,0,1,0,0,1,0,3,1,0,0,0,1,0,0,1,0,3
4,0,1,2,0,0,0,0,Purple,Non-beneficiary,42,0,0,1,0,3,1,0,0,0,1,0,0,1,0,3,1,0,0,0,1,0,0,1,0,3,1,0,0,0,1,0,0,1,0,3,1,0,0,0,1,0,0,1,0,3,1,0,0,0,1,0,0,1,0,3,1,0,0,0,1,0,0,1,0,3,1,0,0,0,1,0,0,1,0,3,1,0,0,0,1,0,0,1,0,3,1,0,0,0,1,0,0,1,0,3
1,12,4,0,0,0,2,0,Green,Non-beneficiary,43,0,1,0,0,2,0,0,0,1,4,0,1,0,0,2,0,0,0,1,4,0,1,0,0,2,0,0,0,1,4,0,1,0,0,2,1,0,0,0,1,0,0,1,0,3,1,0,0,0,1,0,0,1,0,3,1,0,0,0,1,0,0,1,0,3,1,0,0,0,1,0,0,1,0,3,1,0,0,0,1,0,0,1,0,3,1,0,0,0,1,0,0,1,0,3
1,10,4,0,0,0,2,0,Green,Non-beneficiary,44,0,1,0,0,2,0,0,1,0,3,0,0,0,1,4,0,1,0,0,2,1,0,0,0,1,0,0,1,0,3,1,0,0,0,1,0,0,1,0,3,0,1,0,0,2,0,0,0,1,4,1,0,0,0,1,0,0,1,0,3,1,0,0,0,1,0,0,1,0,3,0,1,0,0,2,0,0,0,1,4,0,1,0,0,2,0,0,0,1,4,1,0,0,0,1
2,8,4,0,0,0,2,0,Purple,Non-beneficiary,43,0,1,0,0,2,0,0,0,1,4,0,1,0,0,2,0,0,0,1,4,0,1,0,0,2,0,0,0,1,4,0,1,0,0,2,1,0,0,0,1,0,0,1,0,3,1,0,0,0,1,0,0,1,0,3,1,0,0,0,1,0,0,1,0,3,1,0,0,0,1,0,0,1,0,3,1,0,0,0,1,0,0,1,0,3,1,0,0,0,1,0,0,1,0,3
3,12,4,0,0,0,2,0,Green,Non-beneficiary,43,0,1,0,0,2,0,0,0,1,4,0,1,0,0,2,0,0,0,1,4,0,1,0,0,2,0,0,0,1,4,0,1,0,0,2,1,0,0,0,1,0,0,1,0,3,1,0,0,0,1,0,0,1,0,3,1,0,0,0,1,0,0,1,0,3,1,0,0,0,1,0,0,1,0,3,1,0,0,0,1,0,0,1,0,3,1,0,0,0,1,0,0,1,0,3
4,6,4,0,0,0,2,2,Purple,Beneficiary,43,0,1,0,0,2,0,0,0,1,4,0,1,0,0,2,0,0,0,1,4,0,1,0,0,2,0,0,0,1,4,0,1,0,0,2,1,0,0,0,1,0,0,1,0,3,1,0,0,0,1,0,0,1,0,3,1,0,0,0,1,0,0,1,0,3,1,0,0,0,1,0,0,1,0,3,1,0,0,0,1,0,0,1,0,3,1,0,0,0,1,0,0,1,0,3
2,10,4,0,0,0,2,0,Purple,Non-beneficiary,44,0,1,0,0,2,0,0,1,0,3,0,0,0,1,4,0,1,0,0,2,1,0,0,0,1,0,0,1,0,3,1,0,0,0,1,0,0,1,0,3,0,1,0,0,2,0,0,0,1,4,1,0,0,0,1,0,0,1,0,3,1,0,0,0,1,0,0,1,0,3,0,1,0,0,2,0,0,0,1,4,0,1,0,0,2,0,0,0,1,4,1,0,0,0,1
1,10,3,0,0,2,0,0,Green,Non-beneficiary,46,1,0,0,0,1,0,0,1,0,3,0,1,0,0,2,1,0,0,0,1,0,0,0,1,4,0,0,1,0,3,0,0,0,1,4,0,1,0,0,2,0,0,0,1,4,1,0,0,0,1,0,1,0,0,2,0,0,1,0,3,1,0,0,0,1,0,0,1,0,3,0,1,0,0,2,1,0,0,0,1,0,0,0,1,4,0,1,0,0,2,0,0,0,1,4
3,10,4,0,0,0,2,0,Green,Non-beneficiary,44,0,1,0,0,2,0,0,1,0,3,0,0,0,1,4,0,1,0,0,2,1,0,0,0,1,0,0,1,0,3,1,0,0,0,1,0,0,1,0,3,0,1,0,0,2,0,0,0,1,4,1,0,0,0,1,0,0,1,0,3,1,0,0,0,1,0,0,1,0,3,0,1,0,0,2,0,0,0,1,4,0,1,0,0,2,0,0,0,1,4,1,0,0,0,1
1,10,2,0,2,0,0,0,Green,Non-beneficiary,45,0,0,0,1,4,1,0,0,0,1,0,1,0,0,2,0,0,1,0,3,0,0,0,1,4,1,0,0,0,1,0,1,0,0,2,0,0,1,0,3,1,0,0,0,1,0,0,0,1,4,0,0,1,0,3,0,1,0,0,2,1,0,0,0,1,0,0,1,0,3,0,0,0,1,4,0,1,0,0,2,0,0,1,0,3,0,0,0,1,4,1,0,0,0,1
2,8,2,0,2,0,0,2,Purple,Beneficiary,45,0,0,0,1,4,1,0,0,0,1,0,1,0,0,2,0,0,1,0,3,0,0,0,1,4,1,0,0,0,1,0,1,0,0,2,0,0,1,0,3,1,0,0,0,1,0,0,0,1,4,0,0,1,0,3,0,1,0,0,2,1,0,0,0,1,0,0,1,0,3,0,0,0,1,4,0,1,0,0,2,0,0,1,0,3,0,0,0,1,4,1,0,0,0,1
2,10,3,0,0,2,0,0,Purple,Non-beneficiary,46,1,0,0,0,1,0,0,1,0,3,0,1,0,0,2,1,0,0,0,1,0,0,0,1,4,0,0,1,0,3,0,0,0,1,4,0,1,0,0,2,0,0,0,1,4,1,0,0,0,1,0,1,0,0,2,0,0,1,0,3,1,0,0,0,1,0,0,1,0,3,0,1,0,0,2,1,0,0,0,1,0,0,0,1,4,0,1,0,0,2,0,0,0,1,4
3,10,2,0,2,0,0,0,Green,Non-beneficiary,45,0,0,0,1,4,1,0,0,0,1,0,1,0,0,2,0,0,1,0,3,0,0,0,1,4,1,0,0,0,1,0,1,0,0,2,0,0,1,0,3,1,0,0,0,1,0,0,0,1,4,0,0,1,0,3,0,1,0,0,2,1,0,0,0,1,0,0,1,0,3,0,0,0,1,4,0,1,0,0,2,0,0,1,0,3,0,0,0,1,4,1,0,0,0,1
3,8,3,0,0,2,0,2,Green,Beneficiary,46,1,0,0,0,1,0,0,1,0,3,0,1,0,0,2,1,0,0,0,1,0,0,0,1,4,0,0,1,0,3,0,0,0,1,4,0,1,0,0,2,0,0,0,1,4,1,0,0,0,1,0,1,0,0,2,0,0,1,0,3,1,0,0,0,1,0,0,1,0,3,0,1,0,0,2,1,0,0,0,1,0,0,0,1,4,0,1,0,0,2,0,0,0,1,4
4,8,4,0,0,0,2,2,Purple,Beneficiary,44,0,1,0,0,2,0,0,1,0,3,0,0,0,1,4,0,1,0,0,2,1,0,0,0,1,0,0,1,0,3,1,0,0,0,1,0,0,1,0,3,0,1,0,0,2,0,0,0,1,4,1,0,0,0,1,0,0,1,0,3,1,0,0,0,1,0,0,1,0,3,0,1,0,0,2,0,0,0,1,4,0,1,0,0,2,0,0,0,1,4,1,0,0,0,1
4,10,3,0,0,2,0,0,Purple,Non-beneficiary,46,1,0,0,0,1,0,0,1,0,3,0,1,0,0,2,1,0,0,0,1,0,0,0,1,4,0,0,1,0,3,0,0,0,1,4,0,1,0,0,2,0,0,0,1,4,1,0,0,0,1,0,1,0,0,2,0,0,1,0,3,1,0,0,0,1,0,0,1,0,3,0,1,0,0,2,1,0,0,0,1,0,0,0,1,4,0,1,0,0,2,0,0,0,1,4
4,10,2,0,2,0,0,0,Purple,Non-beneficiary,45,0,0,0,1,4,1,0,0,0,1,0,1,0,0,2,0,0,1,0,3,0,0,0,1,4,1,0,0,0,1,0,1,0,0,2,0,0,1,0,3,1,0,0,0,1,0,0,0,1,4,0,0,1,0,3,0,1,0,0,2,1,0,0,0,1,0,0,1,0,3,0,0,0,1,4,0,1,0,0,2,0,0,1,0,3,0,0,0,1,4,1,0,0,0,1
1,6,2,0,2,0,0,0,Green,Non-beneficiary,47,1,0,0,0,1,0,1,0,0,2,0,0,0,1,4,0,0,1,0,3,1,0,0,0,1,0,0,1,0,3,1,0,0,0,1,0,1,0,0,2,0,0,0,1,4,0,1,0,0,2,0,0,0,1,4,0,1,0,0,2,0,0,0,1,4,0,1,0,0,2,0,0,0,1,4,0,1,0,0,2,0,0,0,1,4,0,1,0,0,2,0,0,0,1,4
2,14,2,0,2,0,0,2,Purple,Beneficiary,47,1,0,0,0,1,0,1,0,0,2,0,0,0,1,4,0,0,1,0,3,1,0,0,0,1,0,0,1,0,3,1,0,0,0,1,0,1,0,0,2,0,0,0,1,4,0,1,0,0,2,0,0,0,1,4,0,1,0,0,2,0,0,0,1,4,0,1,0,0,2,0,0,0,1,4,0,1,0,0,2,0,0,0,1,4,0,1,0,0,2,0,0,0,1,4
4,14,2,0,2,0,0,0,Purple,Non-beneficiary,47,1,0,0,0,1,0,1,0,0,2,0,0,0,1,4,0,0,1,0,3,1,0,0,0,1,0,0,1,0,3,1,0,0,0,1,0,1,0,0,2,0,0,0,1,4,0,1,0,0,2,0,0,0,1,4,0,1,0,0,2,0,0,0,1,4,0,1,0,0,2,0,0,0,1,4,0,1,0,0,2,0,0,0,1,4,0,1,0,0,2,0,0,0,1,4
1,8,1,2,0,0,0,2,Green,Beneficiary,48,0,0,1,0,3,0,1,0,0,2,0,0,0,1,4,0,1,0,0,2,1,0,0,0,1,0,0,1,0,3,0,0,0,1,4,1,0,0,0,1,0,1,0,0,2,0,0,1,0,3,0,0,0,1,4,0,0,1,0,3,1,0,0,0,1,0,0,0,1,4,0,1,0,0,2,1,0,0,0,1,0,0,1,0,3,0,1,0,0,2,0,0,0,1,4
2,10,1,2,0,0,0,0,Purple,Non-beneficiary,48,0,0,1,0,3,0,1,0,0,2,0,0,0,1,4,0,1,0,0,2,1,0,0,0,1,0,0,1,0,3,0,0,0,1,4,1,0,0,0,1,0,1,0,0,2,0,0,1,0,3,0,0,0,1,4,0,0,1,0,3,1,0,0,0,1,0,0,0,1,4,0,1,0,0,2,1,0,0,0,1,0,0,1,0,3,0,1,0,0,2,0,0,0,1,4
3,10,1,2,0,0,0,0,Green,Non-beneficiary,48,0,0,1,0,3,0,1,0,0,2,0,0,0,1,4,0,1,0,0,2,1,0,0,0,1,0,0,1,0,3,0,0,0,1,4,1,0,0,0,1,0,1,0,0,2,0,0,1,0,3,0,0,0,1,4,0,0,1,0,3,1,0,0,0,1,0,0,0,1,4,0,1,0,0,2,1,0,0,0,1,0,0,1,0,3,0,1,0,0,2,0,0,0,1,4
1,10,3,0,0,2,0,0,Green,Non-beneficiary,49,1,0,0,0,1,0,0,0,1,4,0,1,0,0,2,1,0,0,0,1,0,0,0,1,4,0,0,1,0,3,0,1,0,0,2,1,0,0,0,1,0,1,0,0,2,0,0,0,1,4,0,0,1,0,3,1,0,0,0,1,0,1,0,0,2,0,0,1,0,3,0,0,0,1,4,1,0,0,0,1,0,1,0,0,2,0,0,0,1,4,0,0,1,0,3
4,10,1,2,0,0,0,0,Purple,Non-beneficiary,48,0,0,1,0,3,0,1,0,0,2,0,0,0,1,4,0,1,0,0,2,1,0,0,0,1,0,0,1,0,3,0,0,0,1,4,1,0,0,0,1,0,1,0,0,2,0,0,1,0,3,0,0,0,1,4,0,0,1,0,3,1,0,0,0,1,0,0,0,1,4,0,1,0,0,2,1,0,0,0,1,0,0,1,0,3,0,1,0,0,2,0,0,0,1,4
2,10,3,0,0,2,0,0,Purple,Non-beneficiary,49,1,0,0,0,1,0,0,0,1,4,0,1,0,0,2,1,0,0,0,1,0,0,0,1,4,0,0,1,0,3,0,1,0,0,2,1,0,0,0,1,0,1,0,0,2,0,0,0,1,4,0,0,1,0,3,1,0,0,0,1,0,1,0,0,2,0,0,1,0,3,0,0,0,1,4,1,0,0,0,1,0,1,0,0,2,0,0,0,1,4,0,0,1,0,3
3,8,3,0,0,2,0,2,Green,Beneficiary,49,1,0,0,0,1,0,0,0,1,4,0,1,0,0,2,1,0,0,0,1,0,0,0,1,4,0,0,1,0,3,0,1,0,0,2,1,0,0,0,1,0,1,0,0,2,0,0,0,1,4,0,0,1,0,3,1,0,0,0,1,0,1,0,0,2,0,0,1,0,3,0,0,0,1,4,1,0,0,0,1,0,1,0,0,2,0,0,0,1,4,0,0,1,0,3
4,10,3,0,0,2,0,0,Purple,Non-beneficiary,49,1,0,0,0,1,0,0,0,1,4,0,1,0,0,2,1,0,0,0,1,0,0,0,1,4,0,0,1,0,3,0,1,0,0,2,1,0,0,0,1,0,1,0,0,2,0,0,0,1,4,0,0,1,0,3,1,0,0,0,1,0,1,0,0,2,0,0,1,0,3,0,0,0,1,4,1,0,0,0,1,0,1,0,0,2,0,0,0,1,4,0,0,1,0,3
2,8,4,0,0,0,2,0,Purple,Non-beneficiary,50,0,0,1,0,3,1,0,0,0,1,0,0,1,0,3,0,1,0,0,2,0,0,0,1,4,0,1,0,0,2,1,0,0,0,1,0,0,1,0,3,1,0,0,0,1,0,0,1,0,3,1,0,0,0,1,0,0,1,0,3,1,0,0,0,1,0,0,1,0,3,1,0,0,0,1,0,0,1,0,3,0,1,0,0,2,0,0,0,1,4,0,1,0,0,2
3,14,4,0,0,0,2,0,Green,Non-beneficiary,50,0,0,1,0,3,1,0,0,0,1,0,0,1,0,3,0,1,0,0,2,0,0,0,1,4,0,1,0,0,2,1,0,0,0,1,0,0,1,0,3,1,0,0,0,1,0,0,1,0,3,1,0,0,0,1,0,0,1,0,3,1,0,0,0,1,0,0,1,0,3,1,0,0,0,1,0,0,1,0,3,0,1,0,0,2,0,0,0,1,4,0,1,0,0,2
1,2,1,2,0,0,0,2,Green,Beneficiary,51,0,0,1,0,3,1,0,0,0,1,0,1,0,0,2,0,0,0,1,4,0,1,0,0,2,0,0,0,1,4,0,1,0,0,2,0,0,0,1,4,0,1,0,0,2,0,0,0,1,4,0,1,0,0,2,0,0,0,1,4,0,1,0,0,2,0,0,0,1,4,0,1,0,0,2,0,0,0,1,4,0,1,0,0,2,0,0,1,0,3,0,1,0,0,2
4,4,4,0,0,0,2,2,Purple,Beneficiary,50,0,0,1,0,3,1,0,0,0,1,0,0,1,0,3,0,1,0,0,2,0,0,0,1,4,0,1,0,0,2,1,0,0,0,1,0,0,1,0,3,1,0,0,0,1,0,0,1,0,3,1,0,0,0,1,0,0,1,0,3,1,0,0,0,1,0,0,1,0,3,1,0,0,0,1,0,0,1,0,3,0,1,0,0,2,0,0,0,1,4,0,1,0,0,2
1,14,4,0,0,0,2,0,Green,Non-beneficiary,53,1,0,0,0,1,0,0,0,1,4,1,0,0,0,1,0,0,1,0,3,1,0,0,0,1,0,1,0,0,2,0,0,1,0,3,1,0,0,0,1,0,0,1,0,3,1,0,0,0,1,0,0,0,1,4,1,0,0,0,1,0,1,0,0,2,0,0,1,0,3,0,1,0,0,2,0,0,0,1,4,0,1,0,0,2,0,0,1,0,3,1,0,0,0,1
2,18,1,2,0,0,0,0,Purple,Non-beneficiary,51,0,0,1,0,3,1,0,0,0,1,0,1,0,0,2,0,0,0,1,4,0,1,0,0,2,0,0,0,1,4,0,1,0,0,2,0,0,0,1,4,0,1,0,0,2,0,0,0,1,4,0,1,0,0,2,0,0,0,1,4,0,1,0,0,2,0,0,0,1,4,0,1,0,0,2,0,0,0,1,4,0,1,0,0,2,0,0,1,0,3,0,1,0,0,2
3,4,1,2,0,0,0,0,Green,Non-beneficiary,51,0,0,1,0,3,1,0,0,0,1,0,1,0,0,2,0,0,0,1,4,0,1,0,0,2,0,0,0,1,4,0,1,0,0,2,0,0,0,1,4,0,1,0,0,2,0,0,0,1,4,0,1,0,0,2,0,0,0,1,4,0,1,0,0,2,0,0,0,1,4,0,1,0,0,2,0,0,0,1,4,0,1,0,0,2,0,0,1,0,3,0,1,0,0,2
4,14,1,2,0,0,0,0,Purple,Non-beneficiary,51,0,0,1,0,3,1,0,0,0,1,0,1,0,0,2,0,0,0,1,4,0,1,0,0,2,0,0,0,1,4,0,1,0,0,2,0,0,0,1,4,0,1,0,0,2,0,0,0,1,4,0,1,0,0,2,0,0,0,1,4,0,1,0,0,2,0,0,0,1,4,0,1,0,0,2,0,0,0,1,4,0,1,0,0,2,0,0,1,0,3,0,1,0,0,2
1,12,4,0,0,0,2,0,Green,Non-beneficiary,52,0,1,0,0,2,0,0,0,1,4,0,1,0,0,2,0,0,1,0,3,1,0,0,0,1,0,0,1,0,3,1,0,0,0,1,0,0,1,0,3,0,0,0,1,4,0,1,0,0,2,1,0,0,0,1,0,0,1,0,3,1,0,0,0,1,0,0,1,0,3,1,0,0,0,1,0,0,1,0,3,0,1,0,0,2,1,0,0,0,1,0,0,1,0,3
2,8,4,0,0,0,2,0,Purple,Non-beneficiary,52,0,1,0,0,2,0,0,0,1,4,0,1,0,0,2,0,0,1,0,3,1,0,0,0,1,0,0,1,0,3,1,0,0,0,1,0,0,1,0,3,0,0,0,1,4,0,1,0,0,2,1,0,0,0,1,0,0,1,0,3,1,0,0,0,1,0,0,1,0,3,1,0,0,0,1,0,0,1,0,3,0,1,0,0,2,1,0,0,0,1,0,0,1,0,3
3,14,4,0,0,0,2,0,Green,Non-beneficiary,52,0,1,0,0,2,0,0,0,1,4,0,1,0,0,2,0,0,1,0,3,1,0,0,0,1,0,0,1,0,3,1,0,0,0,1,0,0,1,0,3,0,0,0,1,4,0,1,0,0,2,1,0,0,0,1,0,0,1,0,3,1,0,0,0,1,0,0,1,0,3,1,0,0,0,1,0,0,1,0,3,0,1,0,0,2,1,0,0,0,1,0,0,1,0,3
4,4,4,0,0,0,2,2,Purple,Beneficiary,52,0,1,0,0,2,0,0,0,1,4,0,1,0,0,2,0,0,1,0,3,1,0,0,0,1,0,0,1,0,3,1,0,0,0,1,0,0,1,0,3,0,0,0,1,4,0,1,0,0,2,1,0,0,0,1,0,0,1,0,3,1,0,0,0,1,0,0,1,0,3,1,0,0,0,1,0,0,1,0,3,0,1,0,0,2,1,0,0,0,1,0,0,1,0,3
2,8,4,0,0,0,2,0,Purple,Non-beneficiary,53,1,0,0,0,1,0,0,0,1,4,1,0,0,0,1,0,0,1,0,3,1,0,0,0,1,0,1,0,0,2,0,0,1,0,3,1,0,0,0,1,0,0,1,0,3,1,0,0,0,1,0,0,0,1,4,1,0,0,0,1,0,1,0,0,2,0,0,1,0,3,0,1,0,0,2,0,0,0,1,4,0,1,0,0,2,0,0,1,0,3,1,0,0,0,1
1,12,4,0,0,0,2,0,Green,Non-beneficiary,54,0,1,0,0,2,1,0,0,0,1,0,0,1,0,3,1,0,0,0,1,0,0,1,0,3,0,1,0,0,2,0,0,0,1,4,1,0,0,0,1,0,0,0,1,4,0,0,1,0,3,0,1,0,0,2,0,0,0,1,4,0,1,0,0,2,0,0,1,0,3,1,0,0,0,1,0,0,1,0,3,1,0,0,0,1,0,0,1,0,3,1,0,0,0,1
2,8,4,0,0,0,2,0,Purple,Non-beneficiary,54,0,1,0,0,2,1,0,0,0,1,0,0,1,0,3,1,0,0,0,1,0,0,1,0,3,0,1,0,0,2,0,0,0,1,4,1,0,0,0,1,0,0,0,1,4,0,0,1,0,3,0,1,0,0,2,0,0,0,1,4,0,1,0,0,2,0,0,1,0,3,1,0,0,0,1,0,0,1,0,3,1,0,0,0,1,0,0,1,0,3,1,0,0,0,1
3,12,4,0,0,0,2,0,Green,Non-beneficiary,54,0,1,0,0,2,1,0,0,0,1,0,0,1,0,3,1,0,0,0,1,0,0,1,0,3,0,1,0,0,2,0,0,0,1,4,1,0,0,0,1,0,0,0,1,4,0,0,1,0,3,0,1,0,0,2,0,0,0,1,4,0,1,0,0,2,0,0,1,0,3,1,0,0,0,1,0,0,1,0,3,1,0,0,0,1,0,0,1,0,3,1,0,0,0,1
4,6,4,0,0,0,2,2,Purple,Beneficiary,54,0,1,0,0,2,1,0,0,0,1,0,0,1,0,3,1,0,0,0,1,0,0,1,0,3,0,1,0,0,2,0,0,0,1,4,1,0,0,0,1,0,0,0,1,4,0,0,1,0,3,0,1,0,0,2,0,0,0,1,4,0,1,0,0,2,0,0,1,0,3,1,0,0,0,1,0,0,1,0,3,1,0,0,0,1,0,0,1,0,3,1,0,0,0,1